<?xml version = '1.0' encoding = 'UTF-8'?>
<FKArc class="oracle.dbtools.crest.model.design.relational.FKArc" directorySegmentName="seg_0" id="3C3BCD49-7B3A-B1ED-3B06-9588C492BBCA" name="FKArc_1">
<createdBy>swide</createdBy>
<createdTime>2026-01-04 13:44:00 UTC</createdTime>
<ownerDesignName>konceptponormalizacji</ownerDesignName>
<mandatory>false</mandatory>
<reverseArc>true</reverseArc>
<table>1236E619-19B0-A716-3860-81CC0D551AE1</table>
<discriminatorColumn>3011690D-6D82-7729-62C6-9B66B24CAC7A</discriminatorColumn>
<fkeys>
<fkeyID>6B30B9C5-097A-68B4-E607-EF2B99D50A23</fkeyID>
<fkeyID>13F4E743-0D0C-C967-B90F-A579775AEE01</fkeyID>
</fkeys>
</FKArc>