<?xml version = '1.0' encoding = 'UTF-8'?>
<InheritanceRelation class="oracle.dbtools.crest.model.design.logical.InheritanceRelation" name="Hierarchy_1" directorySegmentName="seg_0" id="DD644FDA-5EF6-27C0-E279-7DE24C0A0EED">
<createdBy>qb</createdBy>
<createdTime>2025-12-21 18:02:03 UTC</createdTime>
<ownerDesignName>koncept</ownerDesignName>
<engineerTo>
<item key="D0F540F1-9674-2547-A352-47BE0605ACC9" value="true"/>
</engineerTo>
<identifying>false</identifying>
<nameOnSource>Super Type</nameOnSource>
<nameOnTarget>Sub Type</nameOnTarget>
<optionalSource>true</optionalSource>
<optionalTarget>true</optionalTarget>
<sourceEntity>1995E5CD-D48E-0E16-DD70-581BC2C50AF8</sourceEntity>
<targetEntity>64049953-0FB0-6694-FB2C-20696A56FD97</targetEntity>
<transferable>true</transferable>
<deleteRule>NO ACTION</deleteRule>
</InheritanceRelation>