<?xml version = '1.0' encoding = 'UTF-8'?>
<Relation class="oracle.dbtools.crest.model.design.logical.Relation" name="Relation_17" directorySegmentName="seg_0" id="307BDD75-006C-A315-E4B8-B32CC641AE2D">
<createdBy>Kuba</createdBy>
<createdTime>2025-12-07 19:15:15 UTC</createdTime>
<ownerDesignName>konceptponormalizacji</ownerDesignName>
<engineerTo>
<item key="D0F540F1-9674-2547-A352-47BE0605ACC9" value="true"/>
</engineerTo>
<sourcePk>25EB1E06-03B7-BE14-70C3-97A364A89E91</sourcePk>
<identifying>false</identifying>
<optionalSource>false</optionalSource>
<optionalTarget>true</optionalTarget>
<sourceCardinality>1</sourceCardinality>
<sourceEntity>5395472D-5E3A-C350-DC75-0FAFF2D5C596</sourceEntity>
<targetCardinalityString>*</targetCardinalityString>
<targetEntity>F9F623D8-1DC8-D4A1-BBB1-C65A30DA9C82</targetEntity>
<transferable>true</transferable>
<deleteRule>NO ACTION</deleteRule>
</Relation>
