<?xml version = '1.0' encoding = 'UTF-8'?>
<Relation class="oracle.dbtools.crest.model.design.logical.Relation" name="Relation_11" directorySegmentName="seg_0" id="90B61B5F-3A9D-EF60-87D3-B20B866053AD">
<createdBy>Kuba</createdBy>
<createdTime>2025-12-07 19:05:13 UTC</createdTime>
<ownerDesignName>konceptponormalizacji</ownerDesignName>
<engineerTo>
<item key="D0F540F1-9674-2547-A352-47BE0605ACC9" value="true"/>
</engineerTo>
<sourcePk>7C01D952-CC03-D5DA-9BA6-FC613DA3576F</sourcePk>
<identifying>false</identifying>
<optionalSource>false</optionalSource>
<optionalTarget>true</optionalTarget>
<sourceCardinality>1</sourceCardinality>
<sourceEntity>7128F51C-5EC4-BD28-2E77-D03F3D396A63</sourceEntity>
<targetCardinalityString>*</targetCardinalityString>
<targetEntity>E03526B6-0E5E-49FF-BFC9-3D0733A047B1</targetEntity>
<transferable>true</transferable>
<deleteRule>NO ACTION</deleteRule>
</Relation>
