<?xml version = '1.0' encoding = 'UTF-8'?>
<Entity class="oracle.dbtools.crest.model.design.logical.Entity" directorySegmentName="seg_0" id="0A599E2A-21E2-3F4F-CCC4-CD83832E1E79" name="Platnosci">
<createdBy>qb</createdBy>
<createdTime>2025-12-21 17:55:17 UTC</createdTime>
<ownerDesignName>konceptponormalizacji</ownerDesignName>
<engineerTo>
<item key="D0F540F1-9674-2547-A352-47BE0605ACC9" value="true"/>
</engineerTo>
<adequatelyNormalized>NO</adequatelyNormalized>
<expectedVolumes>0</expectedVolumes>
<fwdEngineeringStrategyName>Single Table</fwdEngineeringStrategyName>
<growthPercent>0</growthPercent>
<growthType>Year</growthType>
<maxVolumes>9999999</maxVolumes>
<minVolumes>0</minVolumes>
<normalForm>Third</normalForm>
<attributes itemClass="oracle.dbtools.crest.model.design.logical.Attribute">
<Attribute name="ID_Platnosci" id="9C5173E7-7A97-C8DB-CF3D-82546E6F17E9">
<createdBy>qb</createdBy>
<createdTime>2025-12-21 17:55:17 UTC</createdTime>
<ownerDesignName>konceptponormalizacji</ownerDesignName>
<engineerTo>
<item key="D0F540F1-9674-2547-A352-47BE0605ACC9" value="true"/>
</engineerTo>
<useDomainConstraints>false</useDomainConstraints>
<use>1</use>
<logicalDatatype>LOGDT011</logicalDatatype>
<ownDataTypeParameters>,,</ownDataTypeParameters>
</Attribute>
<Attribute name="data_platnosci" id="9035CF5E-98E6-8453-789B-7A1A1E165C5D">
<createdBy>qb</createdBy>
<createdTime>2025-12-21 17:55:17 UTC</createdTime>
<ownerDesignName>konceptponormalizacji</ownerDesignName>
<engineerTo>
<item key="D0F540F1-9674-2547-A352-47BE0605ACC9" value="true"/>
</engineerTo>
<nullsAllowed>true</nullsAllowed>
<useDomainConstraints>false</useDomainConstraints>
<use>1</use>
<logicalDatatype>LOGDT007</logicalDatatype>
<ownDataTypeParameters>,,</ownDataTypeParameters>
</Attribute>
<Attribute name="detoda_platnosci" id="5D9EDBE1-8CAC-3B96-BDFE-6751793FED16">
<createdBy>qb</createdBy>
<createdTime>2025-12-21 17:55:17 UTC</createdTime>
<ownerDesignName>konceptponormalizacji</ownerDesignName>
<engineerTo>
<item key="D0F540F1-9674-2547-A352-47BE0605ACC9" value="true"/>
</engineerTo>
<nullsAllowed>true</nullsAllowed>
<useDomainConstraints>false</useDomainConstraints>
<use>1</use>
<logicalDatatype>LOGDT024</logicalDatatype>
<dataTypeSize>32 CHAR</dataTypeSize>
<ownDataTypeParameters>32 CHAR,,</ownDataTypeParameters>
</Attribute>
<Attribute name="nr_dowodu_zaplaty" id="1E00117D-1D1A-9888-39ED-EBDB9A909BDF">
<createdBy>qb</createdBy>
<createdTime>2026-01-03 16:46:34 UTC</createdTime>
<ownerDesignName>konceptponormalizacji</ownerDesignName>
<engineerTo>
<item key="D0F540F1-9674-2547-A352-47BE0605ACC9" value="true"/>
</engineerTo>
<nullsAllowed>true</nullsAllowed>
<useDomainConstraints>false</useDomainConstraints>
<use>1</use>
<logicalDatatype>LOGDT024</logicalDatatype>
<dataTypeSize>18</dataTypeSize>
<ownDataTypeParameters>18,,</ownDataTypeParameters>
</Attribute>
<Attribute name="ID_Usluga" id="1FF391BF-FCA9-3C90-52D3-B92DA6537273">
<createdBy>qb</createdBy>
<createdTime>2025-12-21 18:05:53 UTC</createdTime>
<generatorID>D80483D4-16AE-ABD2-8716-B73B42AD5CE8</generatorID>
<ownerDesignName>konceptponormalizacji</ownerDesignName>
<engineerTo>
<item key="D0F540F1-9674-2547-A352-47BE0605ACC9" value="true"/>
</engineerTo>
<referedAttribute>1EBD0407-2FD2-F80F-0B0C-572D369070D9</referedAttribute>
<useDomainConstraints>false</useDomainConstraints>
<use>1</use>
<logicalDatatype>LOGDT011</logicalDatatype>
<ownDataTypeParameters>,,</ownDataTypeParameters>
</Attribute>
<Attribute name="ID_przydzielenia" id="5770A634-DE15-DFB4-D97E-94D6EDB8E77F">
<createdBy>qb</createdBy>
<createdTime>2025-12-21 18:11:36 UTC</createdTime>
<generatorID>B8300C7D-2B7B-03F9-17FC-2A52D8DC5BEE</generatorID>
<ownerDesignName>konceptponormalizacji</ownerDesignName>
<engineerTo>
<item key="D0F540F1-9674-2547-A352-47BE0605ACC9" value="true"/>
</engineerTo>
<referedAttribute>4D481DB6-F9C2-5E29-288C-F071C263F787</referedAttribute>
<useDomainConstraints>false</useDomainConstraints>
<use>1</use>
<logicalDatatype>LOGDT011</logicalDatatype>
<ownDataTypeParameters>,,</ownDataTypeParameters>
</Attribute>
<Attribute name="data_wystawienia_dokumentu" id="94583D1F-E234-8F2F-8D99-5FDE225A7C27">
<createdBy>qb</createdBy>
<createdTime>2026-01-03 16:46:57 UTC</createdTime>
<ownerDesignName>konceptponormalizacji</ownerDesignName>
<engineerTo>
<item key="D0F540F1-9674-2547-A352-47BE0605ACC9" value="true"/>
</engineerTo>
<nullsAllowed>true</nullsAllowed>
<useDomainConstraints>false</useDomainConstraints>
<use>1</use>
<logicalDatatype>LOGDT007</logicalDatatype>
<ownDataTypeParameters>,,</ownDataTypeParameters>
</Attribute>
<Attribute name="nip_nabywcy" id="FB82E055-533A-B6A5-57ED-CF714DB823A7">
<createdBy>qb</createdBy>
<createdTime>2026-01-03 16:47:14 UTC</createdTime>
<ownerDesignName>konceptponormalizacji</ownerDesignName>
<engineerTo>
<item key="D0F540F1-9674-2547-A352-47BE0605ACC9" value="true"/>
</engineerTo>
<nullsAllowed>true</nullsAllowed>
<useDomainConstraints>false</useDomainConstraints>
<use>1</use>
<logicalDatatype>LOGDT024</logicalDatatype>
<dataTypeSize>10</dataTypeSize>
<ownDataTypeParameters>10,,</ownDataTypeParameters>
</Attribute>
<Attribute name="typ_dowodu_zaplaty" id="0FF4CD99-B5E3-D511-33E4-4CAFF1840A09">
<createdBy>qb</createdBy>
<createdTime>2026-01-03 16:48:16 UTC</createdTime>
<ownerDesignName>konceptponormalizacji</ownerDesignName>
<engineerTo>
<item key="D0F540F1-9674-2547-A352-47BE0605ACC9" value="true"/>
</engineerTo>
<nullsAllowed>true</nullsAllowed>
<useDomainConstraints>false</useDomainConstraints>
<use>1</use>
<logicalDatatype>LOGDT024</logicalDatatype>
<dataTypeSize>16</dataTypeSize>
<ownDataTypeParameters>16,,</ownDataTypeParameters>
</Attribute>
<Attribute name="ID_metody" id="84C994EE-146E-5AA0-1C8B-D2B63FC3D5CA">
<createdBy>root</createdBy>
<createdTime>2026-01-03 19:41:35 UTC</createdTime>
<generatorID>816B8F27-101B-A463-42AF-B01077293C3D</generatorID>
<ownerDesignName>konceptponormalizacji</ownerDesignName>
<engineerTo>
<item key="D0F540F1-9674-2547-A352-47BE0605ACC9" value="true"/>
</engineerTo>
<referedAttribute>5627B830-A38C-ADAC-3E65-3E48DAECD42A</referedAttribute>
<useDomainConstraints>false</useDomainConstraints>
<use>1</use>
<logicalDatatype>LOGDT011</logicalDatatype>
<ownDataTypeParameters>,,</ownDataTypeParameters>
</Attribute>
</attributes>
<identifiers itemClass="oracle.dbtools.crest.model.design.logical.CandidateKey">
<identifier id="05E22711-DF55-A0C7-BE6B-6C4F79AF277B" name="Platnosci_za_pobyt PK">
<createdBy>qb</createdBy>
<createdTime>2025-12-21 17:55:17 UTC</createdTime>
<ownerDesignName>konceptponormalizacji</ownerDesignName>
<shouldEngineer>false</shouldEngineer>
<engineerTo>
<item key="D0F540F1-9674-2547-A352-47BE0605ACC9" value="false"/>
</engineerTo>
<pk>true</pk>
<usedAttributes>
<attributeRef>9C5173E7-7A97-C8DB-CF3D-82546E6F17E9</attributeRef>
</usedAttributes>
</identifier>
</identifiers>
</Entity>