<?xml version = '1.0' encoding = 'UTF-8'?>
<Entity class="oracle.dbtools.crest.model.design.logical.Entity" directorySegmentName="seg_0" id="33FE50BE-2610-9D98-54BE-7ED88D434C78" name="Status_sprzatania">
<createdBy>Kuba</createdBy>
<createdTime>2026-01-04 10:53:07 UTC</createdTime>
<ownerDesignName>konceptponormalizacji</ownerDesignName>
<engineerTo>
<item key="D0F540F1-9674-2547-A352-47BE0605ACC9" value="true"/>
</engineerTo>
<adequatelyNormalized>NO</adequatelyNormalized>
<expectedVolumes>0</expectedVolumes>
<fwdEngineeringStrategyName>Single Table</fwdEngineeringStrategyName>
<growthPercent>0</growthPercent>
<growthType>Year</growthType>
<maxVolumes>9999999</maxVolumes>
<minVolumes>0</minVolumes>
<normalForm>Third</normalForm>
<attributes itemClass="oracle.dbtools.crest.model.design.logical.Attribute">
<Attribute name="ID_Statusu_sprzatania" id="FE3131E0-D8B1-66D2-56CB-AF30C05B5599">
<createdBy>Kuba</createdBy>
<createdTime>2026-01-04 10:53:20 UTC</createdTime>
<ownerDesignName>konceptponormalizacji</ownerDesignName>
<engineerTo>
<item key="D0F540F1-9674-2547-A352-47BE0605ACC9" value="true"/>
</engineerTo>
<useDomainConstraints>false</useDomainConstraints>
<use>1</use>
<logicalDatatype>LOGDT011</logicalDatatype>
<ownDataTypeParameters>,,</ownDataTypeParameters>
</Attribute>
<Attribute name="Status" id="8FC8DD8E-1A58-7FC3-6C27-FA4925B99735">
<createdBy>Kuba</createdBy>
<createdTime>2026-01-04 10:53:40 UTC</createdTime>
<ownerDesignName>konceptponormalizacji</ownerDesignName>
<engineerTo>
<item key="D0F540F1-9674-2547-A352-47BE0605ACC9" value="true"/>
</engineerTo>
<nullsAllowed>true</nullsAllowed>
<useDomainConstraints>false</useDomainConstraints>
<use>1</use>
<logicalDatatype>LOGDT024</logicalDatatype>
<dataTypeSize>32 CHAR</dataTypeSize>
<ownDataTypeParameters>32 CHAR,,</ownDataTypeParameters>
</Attribute>
</attributes>
<identifiers itemClass="oracle.dbtools.crest.model.design.logical.CandidateKey">
<identifier id="FE6352A5-CAF1-527F-59C4-61FAE098D1C1" name="Status_sprzatania PK">
<createdBy>Kuba</createdBy>
<createdTime>2026-01-04 10:53:38 UTC</createdTime>
<ownerDesignName>konceptponormalizacji</ownerDesignName>
<shouldEngineer>false</shouldEngineer>
<engineerTo>
<item key="D0F540F1-9674-2547-A352-47BE0605ACC9" value="false"/>
</engineerTo>
<pk>true</pk>
<usedAttributes>
<attributeRef>FE3131E0-D8B1-66D2-56CB-AF30C05B5599</attributeRef>
</usedAttributes>
</identifier>
</identifiers>
</Entity>