<?xml version = '1.0' encoding = 'UTF-8'?>
<Entity class="oracle.dbtools.crest.model.design.logical.Entity" directorySegmentName="seg_0" id="354C05AB-0988-82F5-AEDB-4F5B807F4ACD" name="Sprzatanie">
<createdBy>qb</createdBy>
<createdTime>2025-12-02 13:32:20 UTC</createdTime>
<ownerDesignName>konceptponormalizacji</ownerDesignName>
<engineerTo>
<item key="D0F540F1-9674-2547-A352-47BE0605ACC9" value="true"/>
</engineerTo>
<adequatelyNormalized>NO</adequatelyNormalized>
<expectedVolumes>0</expectedVolumes>
<fwdEngineeringStrategyName>Single Table</fwdEngineeringStrategyName>
<growthPercent>0</growthPercent>
<growthType>Year</growthType>
<maxVolumes>9999999</maxVolumes>
<minVolumes>0</minVolumes>
<normalForm>Third</normalForm>
<attributes itemClass="oracle.dbtools.crest.model.design.logical.Attribute">
<Attribute name="ID_sprzatania" id="24168A7C-1A68-DBD3-4AE6-CBFA0558D8E4">
<createdBy>swide</createdBy>
<createdTime>2025-12-07 13:09:13 UTC</createdTime>
<ownerDesignName>konceptponormalizacji</ownerDesignName>
<engineerTo>
<item key="D0F540F1-9674-2547-A352-47BE0605ACC9" value="true"/>
</engineerTo>
<useDomainConstraints>false</useDomainConstraints>
<use>1</use>
<logicalDatatype>LOGDT011</logicalDatatype>
<ownDataTypeParameters>,,</ownDataTypeParameters>
</Attribute>
<Attribute name="Data_sprzatania" id="405F9B43-8AB9-DA87-6A67-5D8466F7A60A">
<createdBy>swide</createdBy>
<createdTime>2025-12-07 13:09:32 UTC</createdTime>
<ownerDesignName>konceptponormalizacji</ownerDesignName>
<engineerTo>
<item key="D0F540F1-9674-2547-A352-47BE0605ACC9" value="true"/>
</engineerTo>
<nullsAllowed>true</nullsAllowed>
<useDomainConstraints>false</useDomainConstraints>
<use>1</use>
<logicalDatatype>LOGDT008</logicalDatatype>
<ownDataTypeParameters>,,</ownDataTypeParameters>
</Attribute>
<Attribute name="ID_Pokoju" id="FC8935CD-98DB-3DAA-CD98-8FBFF369AA3C">
<createdBy>Kuba</createdBy>
<createdTime>2025-12-07 19:15:56 UTC</createdTime>
<generatorID>C40C3251-DF96-F942-C110-9B15BE81CB9B</generatorID>
<ownerDesignName>konceptponormalizacji</ownerDesignName>
<engineerTo>
<item key="D0F540F1-9674-2547-A352-47BE0605ACC9" value="true"/>
</engineerTo>
<referedAttribute>BFA1B8D0-612B-73AD-6CBD-01C074BA82A5</referedAttribute>
<useDomainConstraints>false</useDomainConstraints>
<use>1</use>
<logicalDatatype>LOGDT011</logicalDatatype>
<ownDataTypeParameters>,,</ownDataTypeParameters>
</Attribute>
<Attribute name="ID_Pracownika" id="9D52477B-FB08-3238-B754-88FEFE105023">
<createdBy>Kuba</createdBy>
<createdTime>2025-12-07 19:16:40 UTC</createdTime>
<generatorID>F39B4FB9-3ED0-ADFA-F6F4-9BC72BED8137</generatorID>
<ownerDesignName>konceptponormalizacji</ownerDesignName>
<engineerTo>
<item key="D0F540F1-9674-2547-A352-47BE0605ACC9" value="true"/>
</engineerTo>
<referedAttribute>D20809D2-1D70-68F7-B667-98F92CEC7453</referedAttribute>
<useDomainConstraints>false</useDomainConstraints>
<use>1</use>
<logicalDatatype>LOGDT011</logicalDatatype>
<ownDataTypeParameters>,,</ownDataTypeParameters>
</Attribute>
<Attribute name="Uwagi" id="B853EA73-E23C-DE4B-956B-C281C24A5067">
<createdBy>Kuba</createdBy>
<createdTime>2025-12-07 20:02:15 UTC</createdTime>
<ownerDesignName>konceptponormalizacji</ownerDesignName>
<engineerTo>
<item key="D0F540F1-9674-2547-A352-47BE0605ACC9" value="true"/>
</engineerTo>
<nullsAllowed>true</nullsAllowed>
<useDomainConstraints>false</useDomainConstraints>
<use>1</use>
<logicalDatatype>LOGDT024</logicalDatatype>
<dataTypeSize>255 CHAR</dataTypeSize>
<ownDataTypeParameters>255 CHAR,,</ownDataTypeParameters>
</Attribute>
<Attribute name="ID_Statusu_sprzatania" id="D3501B49-53B1-0CCE-3F07-75BFD87BCB7F">
<createdBy>swide</createdBy>
<createdTime>2026-01-04 14:00:17 UTC</createdTime>
<generatorID>10FC8C74-61B4-0C5E-9A9E-2F9C5AEE4C5D</generatorID>
<ownerDesignName>konceptponormalizacji</ownerDesignName>
<engineerTo>
<item key="D0F540F1-9674-2547-A352-47BE0605ACC9" value="true"/>
</engineerTo>
<referedAttribute>FE3131E0-D8B1-66D2-56CB-AF30C05B5599</referedAttribute>
<useDomainConstraints>false</useDomainConstraints>
<use>1</use>
<logicalDatatype>LOGDT011</logicalDatatype>
<ownDataTypeParameters>,,</ownDataTypeParameters>
</Attribute>
<Attribute name="ID_Typu_sprzatania" id="F011B6F0-BFE8-D363-97C9-0B0C5001C4A1">
<createdBy>swide</createdBy>
<createdTime>2026-01-04 14:00:27 UTC</createdTime>
<generatorID>CA21C36E-E9DC-438F-B521-5BD4853C5044</generatorID>
<ownerDesignName>konceptponormalizacji</ownerDesignName>
<engineerTo>
<item key="D0F540F1-9674-2547-A352-47BE0605ACC9" value="true"/>
</engineerTo>
<referedAttribute>28F5583B-0DE9-4DD2-62E8-3AABD216203C</referedAttribute>
<useDomainConstraints>false</useDomainConstraints>
<use>1</use>
<logicalDatatype>LOGDT011</logicalDatatype>
<ownDataTypeParameters>,,</ownDataTypeParameters>
</Attribute>
</attributes>
<identifiers itemClass="oracle.dbtools.crest.model.design.logical.CandidateKey">
<identifier id="25830275-D26A-E511-D078-4CD8B0AB2B9B" name="Sprzatanie PK">
<createdBy>swide</createdBy>
<createdTime>2025-12-07 13:09:30 UTC</createdTime>
<ownerDesignName>konceptponormalizacji</ownerDesignName>
<shouldEngineer>false</shouldEngineer>
<engineerTo>
<item key="D0F540F1-9674-2547-A352-47BE0605ACC9" value="false"/>
</engineerTo>
<pk>true</pk>
<usedAttributes>
<attributeRef>24168A7C-1A68-DBD3-4AE6-CBFA0558D8E4</attributeRef>
</usedAttributes>
</identifier>
</identifiers>
</Entity>