<?xml version = '1.0' encoding = 'UTF-8'?>
<Entity class="oracle.dbtools.crest.model.design.logical.Entity" directorySegmentName="seg_0" id="4CE0FD7C-E451-DF63-5082-2532FE2CE298" name="Kaucje">
<createdBy>qb</createdBy>
<createdTime>2025-12-04 10:48:58 UTC</createdTime>
<ownerDesignName>konceptponormalizacji</ownerDesignName>
<engineerTo>
<item key="D0F540F1-9674-2547-A352-47BE0605ACC9" value="true"/>
</engineerTo>
<adequatelyNormalized>NO</adequatelyNormalized>
<expectedVolumes>0</expectedVolumes>
<fwdEngineeringStrategyName>Single Table</fwdEngineeringStrategyName>
<growthPercent>0</growthPercent>
<growthType>Year</growthType>
<maxVolumes>9999999</maxVolumes>
<minVolumes>0</minVolumes>
<normalForm>Third</normalForm>
<attributes itemClass="oracle.dbtools.crest.model.design.logical.Attribute">
<Attribute name="ID_Kaucji" id="0017A4C1-EE77-B40D-32F1-4E58F5C2FDE5">
<createdBy>swide</createdBy>
<createdTime>2025-12-07 14:06:04 UTC</createdTime>
<ownerDesignName>konceptponormalizacji</ownerDesignName>
<engineerTo>
<item key="D0F540F1-9674-2547-A352-47BE0605ACC9" value="true"/>
</engineerTo>
<useDomainConstraints>false</useDomainConstraints>
<use>1</use>
<logicalDatatype>LOGDT011</logicalDatatype>
<ownDataTypeParameters>,,</ownDataTypeParameters>
</Attribute>
<Attribute name="Kwota" id="DCFDE24C-F355-5DA9-7ED6-EA2805519087">
<createdBy>swide</createdBy>
<createdTime>2025-12-07 14:06:19 UTC</createdTime>
<ownerDesignName>konceptponormalizacji</ownerDesignName>
<engineerTo>
<item key="D0F540F1-9674-2547-A352-47BE0605ACC9" value="true"/>
</engineerTo>
<nullsAllowed>true</nullsAllowed>
<useDomainConstraints>false</useDomainConstraints>
<use>1</use>
<logicalDatatype>LOGDT011</logicalDatatype>
<ownDataTypeParameters>,,</ownDataTypeParameters>
</Attribute>
<Attribute name="Data_pobrania" id="237167DF-1182-0EFF-00D9-87F2B65E7328">
<createdBy>swide</createdBy>
<createdTime>2025-12-07 14:06:38 UTC</createdTime>
<ownerDesignName>konceptponormalizacji</ownerDesignName>
<engineerTo>
<item key="D0F540F1-9674-2547-A352-47BE0605ACC9" value="true"/>
</engineerTo>
<nullsAllowed>true</nullsAllowed>
<useDomainConstraints>false</useDomainConstraints>
<use>1</use>
<logicalDatatype>LOGDT008</logicalDatatype>
<ownDataTypeParameters>,,</ownDataTypeParameters>
</Attribute>
<Attribute name="Data_zwrotu" id="2B888C00-D82C-74FE-8956-226CF071E9CF">
<createdBy>swide</createdBy>
<createdTime>2025-12-07 14:06:51 UTC</createdTime>
<ownerDesignName>konceptponormalizacji</ownerDesignName>
<engineerTo>
<item key="D0F540F1-9674-2547-A352-47BE0605ACC9" value="true"/>
</engineerTo>
<nullsAllowed>true</nullsAllowed>
<useDomainConstraints>false</useDomainConstraints>
<use>1</use>
<logicalDatatype>LOGDT008</logicalDatatype>
<ownDataTypeParameters>,,</ownDataTypeParameters>
</Attribute>
<Attribute name="ID_Rezerwacji" id="A599FD33-1FE6-0D2A-EB8B-45F7122D9DD4">
<createdBy>Kuba</createdBy>
<createdTime>2025-12-07 18:54:58 UTC</createdTime>
<generatorID>D793B3B3-DF8E-CA63-EDCA-1D352F8BBF38</generatorID>
<ownerDesignName>konceptponormalizacji</ownerDesignName>
<engineerTo>
<item key="D0F540F1-9674-2547-A352-47BE0605ACC9" value="true"/>
</engineerTo>
<referedAttribute>01D47BFA-A1FE-F837-DFFB-32CC0B4B1D03</referedAttribute>
<useDomainConstraints>false</useDomainConstraints>
<use>1</use>
<logicalDatatype>LOGDT011</logicalDatatype>
<ownDataTypeParameters>,,</ownDataTypeParameters>
</Attribute>
<Attribute name="ID_Statusu_Kaucji" id="981CFC56-7533-1E54-0AFB-299BC03D5F0B">
<createdBy>swide</createdBy>
<createdTime>2026-01-04 13:43:27 UTC</createdTime>
<generatorID>94E1D063-BE9F-45B0-7BB8-3EBF537F4C3F</generatorID>
<ownerDesignName>konceptponormalizacji</ownerDesignName>
<engineerTo>
<item key="D0F540F1-9674-2547-A352-47BE0605ACC9" value="true"/>
</engineerTo>
<referedAttribute>03F907D8-3B82-80F8-1D8C-8056934955C0</referedAttribute>
<useDomainConstraints>false</useDomainConstraints>
<use>1</use>
<logicalDatatype>LOGDT011</logicalDatatype>
<ownDataTypeParameters>,,</ownDataTypeParameters>
</Attribute>
</attributes>
<identifiers itemClass="oracle.dbtools.crest.model.design.logical.CandidateKey">
<identifier id="732C76C2-3A56-3585-9955-5260EB370CCD" name="Kaucje PK">
<createdBy>swide</createdBy>
<createdTime>2025-12-07 14:06:13 UTC</createdTime>
<ownerDesignName>konceptponormalizacji</ownerDesignName>
<shouldEngineer>false</shouldEngineer>
<engineerTo>
<item key="D0F540F1-9674-2547-A352-47BE0605ACC9" value="false"/>
</engineerTo>
<pk>true</pk>
<usedAttributes>
<attributeRef>0017A4C1-EE77-B40D-32F1-4E58F5C2FDE5</attributeRef>
</usedAttributes>
</identifier>
</identifiers>
</Entity>