<?xml version = '1.0' encoding = 'UTF-8'?>
<Entity class="oracle.dbtools.crest.model.design.logical.Entity" directorySegmentName="seg_0" id="550C0563-6DB6-3E89-AB05-391C43565F9B" name="Status_naprawy">
<createdBy>Kuba</createdBy>
<createdTime>2026-01-04 10:57:47 UTC</createdTime>
<ownerDesignName>konceptponormalizacji</ownerDesignName>
<engineerTo>
<item key="D0F540F1-9674-2547-A352-47BE0605ACC9" value="true"/>
</engineerTo>
<adequatelyNormalized>NO</adequatelyNormalized>
<expectedVolumes>0</expectedVolumes>
<fwdEngineeringStrategyName>Single Table</fwdEngineeringStrategyName>
<growthPercent>0</growthPercent>
<growthType>Year</growthType>
<maxVolumes>9999999</maxVolumes>
<minVolumes>0</minVolumes>
<normalForm>Third</normalForm>
<attributes itemClass="oracle.dbtools.crest.model.design.logical.Attribute">
<Attribute name="ID_statusu_naprawy" id="EC91E4C2-2AB0-F243-6C60-36406070E3EA">
<createdBy>Kuba</createdBy>
<createdTime>2026-01-04 10:57:59 UTC</createdTime>
<ownerDesignName>konceptponormalizacji</ownerDesignName>
<engineerTo>
<item key="D0F540F1-9674-2547-A352-47BE0605ACC9" value="true"/>
</engineerTo>
<useDomainConstraints>false</useDomainConstraints>
<use>1</use>
<logicalDatatype>LOGDT011</logicalDatatype>
<ownDataTypeParameters>,,</ownDataTypeParameters>
</Attribute>
<Attribute name="Status_naprawy" id="70E83CD4-0390-42F7-4A79-565852994B03">
<createdBy>Kuba</createdBy>
<createdTime>2026-01-04 10:58:14 UTC</createdTime>
<ownerDesignName>konceptponormalizacji</ownerDesignName>
<engineerTo>
<item key="D0F540F1-9674-2547-A352-47BE0605ACC9" value="true"/>
</engineerTo>
<nullsAllowed>true</nullsAllowed>
<useDomainConstraints>false</useDomainConstraints>
<use>1</use>
<logicalDatatype>LOGDT024</logicalDatatype>
<dataTypeSize>32 CHAR</dataTypeSize>
<ownDataTypeParameters>32 CHAR,,</ownDataTypeParameters>
</Attribute>
</attributes>
<identifiers itemClass="oracle.dbtools.crest.model.design.logical.CandidateKey">
<identifier id="8466FC16-B43C-1749-7C20-3F0656432907" name="Status_naprawy PK">
<createdBy>Kuba</createdBy>
<createdTime>2026-01-04 10:58:13 UTC</createdTime>
<ownerDesignName>konceptponormalizacji</ownerDesignName>
<shouldEngineer>false</shouldEngineer>
<engineerTo>
<item key="D0F540F1-9674-2547-A352-47BE0605ACC9" value="false"/>
</engineerTo>
<pk>true</pk>
<usedAttributes>
<attributeRef>EC91E4C2-2AB0-F243-6C60-36406070E3EA</attributeRef>
</usedAttributes>
</identifier>
</identifiers>
</Entity>