<?xml version = '1.0' encoding = 'UTF-8'?>
<Entity class="oracle.dbtools.crest.model.design.logical.Entity" directorySegmentName="seg_0" id="589CBE1B-8880-A026-505C-C5021D145452" name="Usterki">
<createdBy>Kuba</createdBy>
<createdTime>2025-12-07 18:32:07 UTC</createdTime>
<ownerDesignName>konceptponormalizacji</ownerDesignName>
<engineerTo>
<item key="D0F540F1-9674-2547-A352-47BE0605ACC9" value="true"/>
</engineerTo>
<adequatelyNormalized>NO</adequatelyNormalized>
<expectedVolumes>0</expectedVolumes>
<fwdEngineeringStrategyName>Single Table</fwdEngineeringStrategyName>
<growthPercent>0</growthPercent>
<growthType>Year</growthType>
<maxVolumes>9999999</maxVolumes>
<minVolumes>0</minVolumes>
<normalForm>Third</normalForm>
<attributes itemClass="oracle.dbtools.crest.model.design.logical.Attribute">
<Attribute name="ID_usterki" id="1EC07AB2-7DE2-E6AD-169B-37A12618F375">
<createdBy>Kuba</createdBy>
<createdTime>2025-12-07 18:32:17 UTC</createdTime>
<ownerDesignName>konceptponormalizacji</ownerDesignName>
<engineerTo>
<item key="D0F540F1-9674-2547-A352-47BE0605ACC9" value="true"/>
</engineerTo>
<useDomainConstraints>false</useDomainConstraints>
<use>1</use>
<logicalDatatype>LOGDT011</logicalDatatype>
<ownDataTypeParameters>,,</ownDataTypeParameters>
</Attribute>
<Attribute name="Data_zgloszenia" id="79155236-30DB-E71B-F63D-E5D3AE49F230">
<createdBy>Kuba</createdBy>
<createdTime>2025-12-07 18:32:27 UTC</createdTime>
<ownerDesignName>konceptponormalizacji</ownerDesignName>
<engineerTo>
<item key="D0F540F1-9674-2547-A352-47BE0605ACC9" value="true"/>
</engineerTo>
<nullsAllowed>true</nullsAllowed>
<useDomainConstraints>false</useDomainConstraints>
<use>1</use>
<logicalDatatype>LOGDT007</logicalDatatype>
<ownDataTypeParameters>,,</ownDataTypeParameters>
</Attribute>
<Attribute name="Opis" id="BD85D41B-C234-46FF-7610-0F8927BEC1FC">
<createdBy>Kuba</createdBy>
<createdTime>2025-12-07 18:32:43 UTC</createdTime>
<ownerDesignName>konceptponormalizacji</ownerDesignName>
<engineerTo>
<item key="D0F540F1-9674-2547-A352-47BE0605ACC9" value="true"/>
</engineerTo>
<nullsAllowed>true</nullsAllowed>
<useDomainConstraints>false</useDomainConstraints>
<use>1</use>
<logicalDatatype>LOGDT024</logicalDatatype>
<dataTypeSize>255 CHAR</dataTypeSize>
<ownDataTypeParameters>255 CHAR,,</ownDataTypeParameters>
</Attribute>
<Attribute name="ID_Pokoju" id="2963D359-14E2-D801-84CE-1AC8241D090A">
<createdBy>Kuba</createdBy>
<createdTime>2025-12-07 19:17:06 UTC</createdTime>
<generatorID>C2C551F5-37A1-3612-F6A0-4D7D4EE53ABF</generatorID>
<ownerDesignName>konceptponormalizacji</ownerDesignName>
<engineerTo>
<item key="D0F540F1-9674-2547-A352-47BE0605ACC9" value="true"/>
</engineerTo>
<referedAttribute>BFA1B8D0-612B-73AD-6CBD-01C074BA82A5</referedAttribute>
<useDomainConstraints>false</useDomainConstraints>
<use>1</use>
<logicalDatatype>LOGDT011</logicalDatatype>
<ownDataTypeParameters>,,</ownDataTypeParameters>
</Attribute>
<Attribute name="ID_Pracownika" id="A2CD77FC-01A3-5174-456F-DA4665BC1DD4">
<createdBy>Kuba</createdBy>
<createdTime>2025-12-07 19:22:00 UTC</createdTime>
<generatorID>FDEC3CE4-FBF8-1394-F899-826410B2BB2D</generatorID>
<ownerDesignName>konceptponormalizacji</ownerDesignName>
<engineerTo>
<item key="D0F540F1-9674-2547-A352-47BE0605ACC9" value="true"/>
</engineerTo>
<nullsAllowed>true</nullsAllowed>
<referedAttribute>D20809D2-1D70-68F7-B667-98F92CEC7453</referedAttribute>
<useDomainConstraints>false</useDomainConstraints>
<use>1</use>
<logicalDatatype>LOGDT011</logicalDatatype>
<ownDataTypeParameters>,,</ownDataTypeParameters>
</Attribute>
<Attribute name="Koszt_naprawy" id="B875CCFE-9D12-4D43-2273-54FE423254D0">
<createdBy>Kuba</createdBy>
<createdTime>2025-12-07 20:04:29 UTC</createdTime>
<ownerDesignName>konceptponormalizacji</ownerDesignName>
<engineerTo>
<item key="D0F540F1-9674-2547-A352-47BE0605ACC9" value="true"/>
</engineerTo>
<nullsAllowed>true</nullsAllowed>
<useDomainConstraints>false</useDomainConstraints>
<use>1</use>
<logicalDatatype>LOGDT026</logicalDatatype>
<dataTypePrecision>10</dataTypePrecision>
<dataTypeScale>2</dataTypeScale>
<ownDataTypeParameters>,10,2</ownDataTypeParameters>
</Attribute>
<Attribute name="Data_naprawy" id="28BDE684-40E8-C55B-E40E-1BC01271FED1">
<createdBy>Kuba</createdBy>
<createdTime>2025-12-07 20:05:03 UTC</createdTime>
<ownerDesignName>konceptponormalizacji</ownerDesignName>
<engineerTo>
<item key="D0F540F1-9674-2547-A352-47BE0605ACC9" value="true"/>
</engineerTo>
<nullsAllowed>true</nullsAllowed>
<useDomainConstraints>false</useDomainConstraints>
<use>1</use>
<logicalDatatype>LOGDT007</logicalDatatype>
<ownDataTypeParameters>,,</ownDataTypeParameters>
</Attribute>
<Attribute name="ID_priorytetu_naprawy" id="8786D103-6CC5-00D7-FF05-661C3FED370F">
<createdBy>swide</createdBy>
<createdTime>2026-01-04 14:00:47 UTC</createdTime>
<generatorID>EB50E11A-C044-1AD8-421E-2439A2129E06</generatorID>
<ownerDesignName>konceptponormalizacji</ownerDesignName>
<engineerTo>
<item key="D0F540F1-9674-2547-A352-47BE0605ACC9" value="true"/>
</engineerTo>
<referedAttribute>7F17D803-96AC-D36E-9458-76F52C6BED9A</referedAttribute>
<useDomainConstraints>false</useDomainConstraints>
<use>1</use>
<logicalDatatype>LOGDT011</logicalDatatype>
<ownDataTypeParameters>,,</ownDataTypeParameters>
</Attribute>
<Attribute name="ID_statusu_naprawy" id="033B4195-8A29-291D-88E5-07F5D089AF85">
<createdBy>swide</createdBy>
<createdTime>2026-01-04 14:00:52 UTC</createdTime>
<generatorID>5D4D7F2E-C47D-DDBC-5160-22D45020381E</generatorID>
<ownerDesignName>konceptponormalizacji</ownerDesignName>
<engineerTo>
<item key="D0F540F1-9674-2547-A352-47BE0605ACC9" value="true"/>
</engineerTo>
<referedAttribute>EC91E4C2-2AB0-F243-6C60-36406070E3EA</referedAttribute>
<useDomainConstraints>false</useDomainConstraints>
<use>1</use>
<logicalDatatype>LOGDT011</logicalDatatype>
<ownDataTypeParameters>,,</ownDataTypeParameters>
</Attribute>
</attributes>
<identifiers itemClass="oracle.dbtools.crest.model.design.logical.CandidateKey">
<identifier id="448B57EC-11C6-C50D-7095-E66EE0345582" name="Usterki PK">
<createdBy>Kuba</createdBy>
<createdTime>2025-12-07 18:32:25 UTC</createdTime>
<ownerDesignName>konceptponormalizacji</ownerDesignName>
<shouldEngineer>false</shouldEngineer>
<engineerTo>
<item key="D0F540F1-9674-2547-A352-47BE0605ACC9" value="false"/>
</engineerTo>
<pk>true</pk>
<usedAttributes>
<attributeRef>1EC07AB2-7DE2-E6AD-169B-37A12618F375</attributeRef>
</usedAttributes>
</identifier>
</identifiers>
</Entity>