<?xml version = '1.0' encoding = 'UTF-8'?>
<Entity class="oracle.dbtools.crest.model.design.logical.Entity" directorySegmentName="seg_0" id="826694FD-5AB3-FE26-860A-5340FF53EC17" name="Pokoje">
<createdBy>qb</createdBy>
<createdTime>2025-12-02 13:11:32 UTC</createdTime>
<ownerDesignName>konceptponormalizacji</ownerDesignName>
<engineerTo>
<item key="D0F540F1-9674-2547-A352-47BE0605ACC9" value="true"/>
</engineerTo>
<adequatelyNormalized>NO</adequatelyNormalized>
<expectedVolumes>0</expectedVolumes>
<fwdEngineeringStrategyName>Single Table</fwdEngineeringStrategyName>
<growthPercent>0</growthPercent>
<growthType>Year</growthType>
<maxVolumes>9999999</maxVolumes>
<minVolumes>0</minVolumes>
<normalForm>Third</normalForm>
<attributes itemClass="oracle.dbtools.crest.model.design.logical.Attribute">
<Attribute name="ID_Pokoju" id="BFA1B8D0-612B-73AD-6CBD-01C074BA82A5">
<createdBy>swide</createdBy>
<createdTime>2025-12-07 13:06:51 UTC</createdTime>
<ownerDesignName>konceptponormalizacji</ownerDesignName>
<engineerTo>
<item key="D0F540F1-9674-2547-A352-47BE0605ACC9" value="true"/>
</engineerTo>
<useDomainConstraints>false</useDomainConstraints>
<use>1</use>
<logicalDatatype>LOGDT011</logicalDatatype>
<ownDataTypeParameters>,,</ownDataTypeParameters>
</Attribute>
<Attribute name="Numer_pokoju" id="18240E2A-57CD-9FCF-FDA5-721C8C31CE72">
<createdBy>swide</createdBy>
<createdTime>2025-12-07 11:04:37 UTC</createdTime>
<ownerDesignName>konceptponormalizacji</ownerDesignName>
<engineerTo>
<item key="D0F540F1-9674-2547-A352-47BE0605ACC9" value="true"/>
</engineerTo>
<useDomainConstraints>false</useDomainConstraints>
<use>1</use>
<logicalDatatype>LOGDT024</logicalDatatype>
<dataTypeSize>10 CHAR</dataTypeSize>
<ownDataTypeParameters>10 CHAR,,</ownDataTypeParameters>
</Attribute>
<Attribute name="Pietro" id="F7DB8A51-600C-F7A0-0EBA-99A6216B5AC9">
<createdBy>swide</createdBy>
<createdTime>2025-12-07 11:05:24 UTC</createdTime>
<ownerDesignName>konceptponormalizacji</ownerDesignName>
<engineerTo>
<item key="D0F540F1-9674-2547-A352-47BE0605ACC9" value="true"/>
</engineerTo>
<nullsAllowed>true</nullsAllowed>
<useDomainConstraints>false</useDomainConstraints>
<use>1</use>
<logicalDatatype>LOGDT011</logicalDatatype>
<ownDataTypeParameters>,,</ownDataTypeParameters>
</Attribute>
<Attribute name="ID_kategorii" id="358E6199-450E-EBD7-28AE-E385E5E60400">
<createdBy>Kuba</createdBy>
<createdTime>2025-12-07 18:51:56 UTC</createdTime>
<generatorID>FF083ED2-420F-81C0-7E14-B0C9BB994E59</generatorID>
<ownerDesignName>konceptponormalizacji</ownerDesignName>
<engineerTo>
<item key="D0F540F1-9674-2547-A352-47BE0605ACC9" value="true"/>
</engineerTo>
<referedAttribute>1C6E17EA-40D2-5FF1-9E7C-EAA83802B094</referedAttribute>
<useDomainConstraints>false</useDomainConstraints>
<use>1</use>
<logicalDatatype>LOGDT011</logicalDatatype>
<ownDataTypeParameters>,,</ownDataTypeParameters>
</Attribute>
<Attribute name="Maks_liczba_osob" id="FDD2CC79-C129-7CF0-F906-A83D6548FFF4">
<createdBy>Kuba</createdBy>
<createdTime>2025-12-07 19:54:29 UTC</createdTime>
<ownerDesignName>konceptponormalizacji</ownerDesignName>
<engineerTo>
<item key="D0F540F1-9674-2547-A352-47BE0605ACC9" value="true"/>
</engineerTo>
<nullsAllowed>true</nullsAllowed>
<useDomainConstraints>false</useDomainConstraints>
<use>1</use>
<logicalDatatype>LOGDT011</logicalDatatype>
<ownDataTypeParameters>,,</ownDataTypeParameters>
</Attribute>
<Attribute name="ID_Statusu_pokoju" id="17138345-D4F6-7959-8538-BE45EB30029B">
<createdBy>swide</createdBy>
<createdTime>2026-01-04 14:01:37 UTC</createdTime>
<generatorID>E6344531-C001-85B5-97D2-E92F73F0D56B</generatorID>
<ownerDesignName>konceptponormalizacji</ownerDesignName>
<engineerTo>
<item key="D0F540F1-9674-2547-A352-47BE0605ACC9" value="true"/>
</engineerTo>
<referedAttribute>5192C4FC-A6B5-CE46-D1A4-FA96AD327451</referedAttribute>
<useDomainConstraints>false</useDomainConstraints>
<use>1</use>
<logicalDatatype>LOGDT011</logicalDatatype>
<ownDataTypeParameters>,,</ownDataTypeParameters>
</Attribute>
</attributes>
<identifiers itemClass="oracle.dbtools.crest.model.design.logical.CandidateKey">
<identifier id="F4DE0CA0-613C-F030-AD72-F7EC7A7A72B0" name="Pokoje PK">
<createdBy>swide</createdBy>
<createdTime>2025-12-07 11:04:51 UTC</createdTime>
<ownerDesignName>konceptponormalizacji</ownerDesignName>
<shouldEngineer>false</shouldEngineer>
<engineerTo>
<item key="D0F540F1-9674-2547-A352-47BE0605ACC9" value="false"/>
</engineerTo>
<pk>true</pk>
<usedAttributes>
<attributeRef>BFA1B8D0-612B-73AD-6CBD-01C074BA82A5</attributeRef>
</usedAttributes>
</identifier>
</identifiers>
</Entity>