<?xml version = '1.0' encoding = 'UTF-8'?>
<Entity class="oracle.dbtools.crest.model.design.logical.Entity" directorySegmentName="seg_0" id="C1BA7FE6-037A-4540-BF8B-15E5CFE66AC4" name="Gosc">
<createdBy>qb</createdBy>
<createdTime>2025-12-04 10:52:44 UTC</createdTime>
<ownerDesignName>konceptponormalizacji</ownerDesignName>
<engineerTo>
<item key="D0F540F1-9674-2547-A352-47BE0605ACC9" value="true"/>
</engineerTo>
<adequatelyNormalized>NO</adequatelyNormalized>
<expectedVolumes>0</expectedVolumes>
<fwdEngineeringStrategyName>Single Table</fwdEngineeringStrategyName>
<growthPercent>0</growthPercent>
<growthType>Year</growthType>
<maxVolumes>9999999</maxVolumes>
<minVolumes>0</minVolumes>
<normalForm>Third</normalForm>
<attributes itemClass="oracle.dbtools.crest.model.design.logical.Attribute">
<Attribute name="ID_Goscia" id="179C0083-8498-C4C8-9B71-36B7D5F14B9C">
<createdBy>swide</createdBy>
<createdTime>2025-12-07 13:15:31 UTC</createdTime>
<ownerDesignName>konceptponormalizacji</ownerDesignName>
<engineerTo>
<item key="D0F540F1-9674-2547-A352-47BE0605ACC9" value="true"/>
</engineerTo>
<useDomainConstraints>false</useDomainConstraints>
<use>1</use>
<logicalDatatype>LOGDT011</logicalDatatype>
<ownDataTypeParameters>,,</ownDataTypeParameters>
</Attribute>
<Attribute name="Imie" id="EC1E07EA-5603-D829-FC86-6E4F92CA1235">
<createdBy>swide</createdBy>
<createdTime>2025-12-07 13:15:44 UTC</createdTime>
<ownerDesignName>konceptponormalizacji</ownerDesignName>
<engineerTo>
<item key="D0F540F1-9674-2547-A352-47BE0605ACC9" value="true"/>
</engineerTo>
<useDomainConstraints>false</useDomainConstraints>
<use>1</use>
<logicalDatatype>LOGDT024</logicalDatatype>
<dataTypeSize>50 CHAR</dataTypeSize>
<ownDataTypeParameters>50 CHAR,,</ownDataTypeParameters>
</Attribute>
<Attribute name="Nazwisko" id="554541D6-0CD0-8315-6D51-C20051E78D1A">
<createdBy>swide</createdBy>
<createdTime>2025-12-07 13:16:00 UTC</createdTime>
<ownerDesignName>konceptponormalizacji</ownerDesignName>
<engineerTo>
<item key="D0F540F1-9674-2547-A352-47BE0605ACC9" value="true"/>
</engineerTo>
<nullsAllowed>true</nullsAllowed>
<useDomainConstraints>false</useDomainConstraints>
<use>1</use>
<logicalDatatype>LOGDT024</logicalDatatype>
<dataTypeSize>50 CHAR</dataTypeSize>
<ownDataTypeParameters>50 CHAR,,</ownDataTypeParameters>
</Attribute>
<Attribute name="Adres_email" id="935B0AB2-CA18-8B3D-91C7-D80B27CB1A6F">
<createdBy>swide</createdBy>
<createdTime>2025-12-07 13:27:50 UTC</createdTime>
<ownerDesignName>konceptponormalizacji</ownerDesignName>
<engineerTo>
<item key="D0F540F1-9674-2547-A352-47BE0605ACC9" value="true"/>
</engineerTo>
<nullsAllowed>true</nullsAllowed>
<useDomainConstraints>false</useDomainConstraints>
<use>1</use>
<logicalDatatype>LOGDT024</logicalDatatype>
<dataTypeSize>100 CHAR</dataTypeSize>
<ownDataTypeParameters>100 CHAR,,</ownDataTypeParameters>
</Attribute>
<Attribute name="Telefon" id="8FC2F212-69C3-FB8E-2BED-A0CAA5857FBF">
<createdBy>swide</createdBy>
<createdTime>2025-12-07 13:27:50 UTC</createdTime>
<ownerDesignName>konceptponormalizacji</ownerDesignName>
<engineerTo>
<item key="D0F540F1-9674-2547-A352-47BE0605ACC9" value="true"/>
</engineerTo>
<nullsAllowed>true</nullsAllowed>
<useDomainConstraints>false</useDomainConstraints>
<use>1</use>
<logicalDatatype>LOGDT024</logicalDatatype>
<dataTypeSize>15 CHAR</dataTypeSize>
<ownDataTypeParameters>15 CHAR,,</ownDataTypeParameters>
</Attribute>
<Attribute name="Numer Dokumentu" id="87C83459-CD9D-DB64-EB74-3227ED496D36">
<createdBy>swide</createdBy>
<createdTime>2026-01-03 21:08:29 UTC</createdTime>
<ownerDesignName>konceptponormalizacji</ownerDesignName>
<engineerTo>
<item key="D0F540F1-9674-2547-A352-47BE0605ACC9" value="true"/>
</engineerTo>
<nullsAllowed>true</nullsAllowed>
<useDomainConstraints>false</useDomainConstraints>
<use>1</use>
<logicalDatatype>LOGDT024</logicalDatatype>
<dataTypeSize>50 BYTE</dataTypeSize>
<ownDataTypeParameters>50 BYTE,,</ownDataTypeParameters>
</Attribute>
<Attribute name="ID_Adresu" id="8E9E8374-43A2-03FE-D7C2-E2D1622BD66C">
<createdBy>swide</createdBy>
<createdTime>2026-01-03 21:16:53 UTC</createdTime>
<generatorID>BF780DA2-4EBC-9565-FE3D-C43E6D0720E0</generatorID>
<ownerDesignName>konceptponormalizacji</ownerDesignName>
<engineerTo>
<item key="D0F540F1-9674-2547-A352-47BE0605ACC9" value="true"/>
</engineerTo>
<referedAttribute>803CC0B7-98B7-0AD1-A131-680C41FA86A2</referedAttribute>
<useDomainConstraints>false</useDomainConstraints>
<use>1</use>
<logicalDatatype>LOGDT011</logicalDatatype>
<ownDataTypeParameters>,,</ownDataTypeParameters>
</Attribute>
<Attribute name="Typ_dokumentu" id="4CB786F1-078A-2267-CFEB-916A02A591B7">
<createdBy>swide</createdBy>
<createdTime>2026-01-04 14:07:56 UTC</createdTime>
<generatorID>F4499A02-6CD3-CA11-C2DC-8D7BB53A9405</generatorID>
<ownerDesignName>konceptponormalizacji</ownerDesignName>
<engineerTo>
<item key="D0F540F1-9674-2547-A352-47BE0605ACC9" value="true"/>
</engineerTo>
<referedAttribute>77DF7B0F-5655-E9AA-CBAA-E236D74C740E</referedAttribute>
<useDomainConstraints>false</useDomainConstraints>
<use>1</use>
<logicalDatatype>LOGDT011</logicalDatatype>
<ownDataTypeParameters>,,</ownDataTypeParameters>
</Attribute>
</attributes>
<identifiers itemClass="oracle.dbtools.crest.model.design.logical.CandidateKey">
<identifier id="9D284EA8-68B6-AA87-59CF-EB2F6250AD3C" name="Gosc PK">
<createdBy>swide</createdBy>
<createdTime>2025-12-07 13:15:43 UTC</createdTime>
<ownerDesignName>konceptponormalizacji</ownerDesignName>
<shouldEngineer>false</shouldEngineer>
<engineerTo>
<item key="D0F540F1-9674-2547-A352-47BE0605ACC9" value="false"/>
</engineerTo>
<pk>true</pk>
<usedAttributes>
<attributeRef>179C0083-8498-C4C8-9B71-36B7D5F14B9C</attributeRef>
</usedAttributes>
</identifier>
</identifiers>
</Entity>