<?xml version = '1.0' encoding = 'UTF-8'?>
<InheritanceRelation class="oracle.dbtools.crest.model.design.logical.InheritanceRelation" name="Hierarchy_2" directorySegmentName="seg_0" id="26D31948-4FC1-38BD-CB7E-22670D9E08C6">
<createdBy>qb</createdBy>
<createdTime>2025-12-21 18:02:33 UTC</createdTime>
<ownerDesignName>koncept</ownerDesignName>
<engineerTo>
<item key="D0F540F1-9674-2547-A352-47BE0605ACC9" value="true"/>
</engineerTo>
<identifying>false</identifying>
<nameOnSource>Super Type</nameOnSource>
<nameOnTarget>Sub Type</nameOnTarget>
<optionalSource>true</optionalSource>
<optionalTarget>true</optionalTarget>
<sourceEntity>1995E5CD-D48E-0E16-DD70-581BC2C50AF8</sourceEntity>
<targetEntity>7969D496-5F67-8477-B2A9-23849FE84EF0</targetEntity>
<transferable>true</transferable>
<deleteRule>NO ACTION</deleteRule>
</InheritanceRelation>