<?xml version = '1.0' encoding = 'UTF-8'?>
<FKIndexAssociation class="oracle.dbtools.crest.model.design.relational.FKIndexAssociation" directorySegmentName="seg_0" id="00F4216B-5632-8DCA-000D-7C04351CB0CF" containerWithKeyObject="508858E6-23B5-1345-8609-93E00B556F53" localFKIndex="77072810-49F2-9261-1CD1-041A6A4E7E41" name="Adresy_Kody_pocztowe_FK">
<createdBy>swide</createdBy>
<createdTime>2026-01-04 13:44:00 UTC</createdTime>
<generatorID>F88892E6-3CB8-FDCD-F94B-6849BC008753</generatorID>
<ownerDesignName>konceptponormalizacji</ownerDesignName>
<referredTableLongName>Kody_pocztowe</referredTableLongName>
<deleteRule>NO ACTION</deleteRule>
<referredTableID>B8890D38-5114-7E8B-79C2-8A434DD751F6</referredTableID>
<keyObject>33B1F833-B929-0916-53CD-F5D4D5AD0014</keyObject>
<referredKeyID>33B1F833-B929-0916-53CD-F5D4D5AD0014</referredKeyID>
<mandatory>true</mandatory>
<refColNames>Kod_pocztowy</refColNames>
<transferable>true</transferable>
<rely>false</rely>
<columnDependencyConstraintGenerateInDDL>true</columnDependencyConstraintGenerateInDDL>
</FKIndexAssociation>