<?xml version = '1.0' encoding = 'UTF-8'?>
<FKIndexAssociation class="oracle.dbtools.crest.model.design.relational.FKIndexAssociation" directorySegmentName="seg_0" id="056C00EB-46BC-84AD-D7AD-F3F57DBAB61C" containerWithKeyObject="5DCBE726-FF39-0CB9-5BBE-0C555D0865EE" localFKIndex="46F7E95B-89F7-FDA1-AF66-426B43DD4B1D" name="Karta_pobytu_Przydzielenia_FK">
<createdBy>swide</createdBy>
<createdTime>2026-01-04 13:44:00 UTC</createdTime>
<generatorID>90B61B5F-3A9D-EF60-87D3-B20B866053AD</generatorID>
<ownerDesignName>konceptponormalizacji</ownerDesignName>
<referredTableLongName>Przydzielenia</referredTableLongName>
<deleteRule>NO ACTION</deleteRule>
<referredTableID>85539918-6ACD-E4B4-92F8-29B20EF246BE</referredTableID>
<keyObject>A7626D15-38BE-2663-1A1D-4508C7D29B79</keyObject>
<referredKeyID>A7626D15-38BE-2663-1A1D-4508C7D29B79</referredKeyID>
<mandatory>false</mandatory>
<refColNames>ID_przydzielenia</refColNames>
<transferable>true</transferable>
<rely>false</rely>
<columnDependencyConstraintGenerateInDDL>true</columnDependencyConstraintGenerateInDDL>
</FKIndexAssociation>