<?xml version = '1.0' encoding = 'UTF-8'?>
<FKIndexAssociation class="oracle.dbtools.crest.model.design.relational.FKIndexAssociation" directorySegmentName="seg_0" id="09FE4A6B-25AC-9145-2726-83BF161329BC" containerWithKeyObject="21F3A051-BD29-11DF-8DF4-E079CB158A7B" localFKIndex="9365EBDE-CE3C-0970-E00F-C0AC3F376317" name="Sprzatanie_Pracownicy_FK">
<createdBy>swide</createdBy>
<createdTime>2026-01-04 13:44:00 UTC</createdTime>
<generatorID>F39B4FB9-3ED0-ADFA-F6F4-9BC72BED8137</generatorID>
<ownerDesignName>konceptponormalizacji</ownerDesignName>
<referredTableLongName>Pracownicy</referredTableLongName>
<deleteRule>NO ACTION</deleteRule>
<referredTableID>348F5F99-C0F4-2F0A-BEF3-B50D5D91FEFD</referredTableID>
<keyObject>4A03EDA4-64DF-E6E0-5151-F8B8090D91CB</keyObject>
<referredKeyID>4A03EDA4-64DF-E6E0-5151-F8B8090D91CB</referredKeyID>
<mandatory>true</mandatory>
<refColNames>ID_Pracownika</refColNames>
<transferable>true</transferable>
<rely>false</rely>
<columnDependencyConstraintGenerateInDDL>true</columnDependencyConstraintGenerateInDDL>
</FKIndexAssociation>