<?xml version = '1.0' encoding = 'UTF-8'?>
<FKIndexAssociation class="oracle.dbtools.crest.model.design.relational.FKIndexAssociation" directorySegmentName="seg_0" id="0B699763-180C-5D81-203D-7CCC4EEB06A9" containerWithKeyObject="1236E619-19B0-A716-3860-81CC0D551AE1" localFKIndex="C308760F-ACCA-F241-91BB-5EFF73CE643A" name="Usluga_Typ_Uslugi_FK">
<createdBy>swide</createdBy>
<createdTime>2026-01-04 13:44:00 UTC</createdTime>
<generatorID>3CFFF9B2-E037-B81A-F640-9E1D1D1327BC</generatorID>
<ownerDesignName>konceptponormalizacji</ownerDesignName>
<referredTableLongName>Typ_Uslugi</referredTableLongName>
<deleteRule>NO ACTION</deleteRule>
<referredTableID>47D537DD-D130-7081-868F-9995EC366F1A</referredTableID>
<keyObject>9084E3A8-D798-AC4C-BC8A-4EBAEBBB83C5</keyObject>
<referredKeyID>9084E3A8-D798-AC4C-BC8A-4EBAEBBB83C5</referredKeyID>
<mandatory>true</mandatory>
<refColNames>ID_Typ_Uslugi</refColNames>
<transferable>true</transferable>
<rely>false</rely>
<columnDependencyConstraintGenerateInDDL>true</columnDependencyConstraintGenerateInDDL>
</FKIndexAssociation>