<?xml version = '1.0' encoding = 'UTF-8'?>
<FKIndexAssociation class="oracle.dbtools.crest.model.design.relational.FKIndexAssociation" directorySegmentName="seg_0" id="0E9F644F-2B4F-2A63-ACBB-F37DE35338B1" containerWithKeyObject="C19275CE-BC6E-15EE-4D7A-76839604A620" localFKIndex="E7552070-1466-8A64-A44C-FA4C6FD62142" name="Gosc_Adresy_FK">
<createdBy>swide</createdBy>
<createdTime>2026-01-04 13:44:00 UTC</createdTime>
<generatorID>BF780DA2-4EBC-9565-FE3D-C43E6D0720E0</generatorID>
<ownerDesignName>konceptponormalizacji</ownerDesignName>
<referredTableLongName>Adresy</referredTableLongName>
<deleteRule>NO ACTION</deleteRule>
<referredTableID>508858E6-23B5-1345-8609-93E00B556F53</referredTableID>
<keyObject>E36CEAA8-298D-55B0-DDC2-5F58DE2AA7C4</keyObject>
<referredKeyID>E36CEAA8-298D-55B0-DDC2-5F58DE2AA7C4</referredKeyID>
<mandatory>true</mandatory>
<refColNames>ID_Adresu</refColNames>
<transferable>true</transferable>
<rely>false</rely>
<columnDependencyConstraintGenerateInDDL>true</columnDependencyConstraintGenerateInDDL>
</FKIndexAssociation>