<?xml version = '1.0' encoding = 'UTF-8'?>
<FKIndexAssociation class="oracle.dbtools.crest.model.design.relational.FKIndexAssociation" directorySegmentName="seg_0" id="11EA81F5-110C-EB3A-B6DA-A8ABE2FF097E" containerWithKeyObject="348F5F99-C0F4-2F0A-BEF3-B50D5D91FEFD" localFKIndex="73AB2B00-E52B-984C-F63C-7CF17061FD28" name="Pracownicy_Stanowiska_FK">
<createdBy>swide</createdBy>
<createdTime>2026-01-04 13:44:00 UTC</createdTime>
<generatorID>8DBC5858-D887-47CE-DBBF-971CD3B50BB0</generatorID>
<ownerDesignName>konceptponormalizacji</ownerDesignName>
<referredTableLongName>Stanowiska</referredTableLongName>
<deleteRule>NO ACTION</deleteRule>
<referredTableID>4AEC5856-5BFA-B26B-D27D-33AB46C13D2D</referredTableID>
<keyObject>E8854F6C-D724-3ADF-097C-61B0BE244891</keyObject>
<referredKeyID>E8854F6C-D724-3ADF-097C-61B0BE244891</referredKeyID>
<mandatory>true</mandatory>
<refColNames>ID_stanowiska</refColNames>
<transferable>true</transferable>
<rely>false</rely>
<columnDependencyConstraintGenerateInDDL>true</columnDependencyConstraintGenerateInDDL>
</FKIndexAssociation>