<?xml version = '1.0' encoding = 'UTF-8'?>
<FKIndexAssociation class="oracle.dbtools.crest.model.design.relational.FKIndexAssociation" directorySegmentName="seg_0" id="13F4E743-0D0C-C967-B90F-A579775AEE01" containerWithKeyObject="067D8FB9-5215-97AC-F1E7-8BECF150FE65" localFKIndex="438220B7-F762-EE38-99C7-B2C4617E5618" name="Basen_Usluga_FK">
<createdBy>swide</createdBy>
<createdTime>2026-01-04 13:44:00 UTC</createdTime>
<generatorID>DD644FDA-5EF6-27C0-E279-7DE24C0A0EED</generatorID>
<ownerDesignName>konceptponormalizacji</ownerDesignName>
<referredTableLongName>Usluga</referredTableLongName>
<arc>3C3BCD49-7B3A-B1ED-3B06-9588C492BBCA</arc>
<deleteRule>NO ACTION</deleteRule>
<referredTableID>1236E619-19B0-A716-3860-81CC0D551AE1</referredTableID>
<keyObject>D98070D3-86FE-8B84-C647-200B885B2FC2</keyObject>
<referredKeyID>D98070D3-86FE-8B84-C647-200B885B2FC2</referredKeyID>
<mandatory>true</mandatory>
<refColNames>ID_Usluga</refColNames>
<transferable>true</transferable>
<rely>false</rely>
<discriminatorValue>BAS</discriminatorValue>
<columnDependencyConstraintGenerateInDDL>true</columnDependencyConstraintGenerateInDDL>
</FKIndexAssociation>