<?xml version = '1.0' encoding = 'UTF-8'?>
<FKIndexAssociation class="oracle.dbtools.crest.model.design.relational.FKIndexAssociation" directorySegmentName="seg_0" id="16DB85CE-6DC8-1099-C9E2-21A04CF1AE84" containerWithKeyObject="21F3A051-BD29-11DF-8DF4-E079CB158A7B" localFKIndex="2819E0A8-8149-807A-4AAF-963C3E63D622" name="Sprzatanie_Typ_sprzatania_FK">
<createdBy>swide</createdBy>
<createdTime>2026-01-04 14:01:45 UTC</createdTime>
<generatorID>CA21C36E-E9DC-438F-B521-5BD4853C5044</generatorID>
<ownerDesignName>konceptponormalizacji</ownerDesignName>
<referredTableLongName>Typ_sprzatania</referredTableLongName>
<deleteRule>NO ACTION</deleteRule>
<referredTableID>5AC8B455-EE18-121F-E166-616B6EF9DCEF</referredTableID>
<keyObject>068F5C77-D14B-A7EA-43D9-ECF97558262A</keyObject>
<referredKeyID>068F5C77-D14B-A7EA-43D9-ECF97558262A</referredKeyID>
<mandatory>true</mandatory>
<refColNames>ID_Typu_sprzatania</refColNames>
<transferable>true</transferable>
<rely>false</rely>
<columnDependencyConstraintGenerateInDDL>true</columnDependencyConstraintGenerateInDDL>
</FKIndexAssociation>