<?xml version = '1.0' encoding = 'UTF-8'?>
<FKIndexAssociation class="oracle.dbtools.crest.model.design.relational.FKIndexAssociation" directorySegmentName="seg_0" id="18C26A49-D9AB-08E6-46AC-1BECD056C359" containerWithKeyObject="826405E2-C500-FFC1-9E4A-733A8B6D19AB" localFKIndex="F9064C37-8FBA-59C7-D734-411EA991AEEA" name="Grafik_pracy_Pracownicy_FK">
<createdBy>swide</createdBy>
<createdTime>2026-01-04 13:44:00 UTC</createdTime>
<generatorID>307BDD75-006C-A315-E4B8-B32CC641AE2D</generatorID>
<ownerDesignName>konceptponormalizacji</ownerDesignName>
<referredTableLongName>Pracownicy</referredTableLongName>
<deleteRule>NO ACTION</deleteRule>
<referredTableID>348F5F99-C0F4-2F0A-BEF3-B50D5D91FEFD</referredTableID>
<keyObject>4A03EDA4-64DF-E6E0-5151-F8B8090D91CB</keyObject>
<referredKeyID>4A03EDA4-64DF-E6E0-5151-F8B8090D91CB</referredKeyID>
<mandatory>false</mandatory>
<refColNames>ID_Pracownika</refColNames>
<transferable>true</transferable>
<rely>false</rely>
<columnDependencyConstraintGenerateInDDL>true</columnDependencyConstraintGenerateInDDL>
</FKIndexAssociation>