<?xml version = '1.0' encoding = 'UTF-8'?>
<FKIndexAssociation class="oracle.dbtools.crest.model.design.relational.FKIndexAssociation" directorySegmentName="seg_0" id="1AB464FF-66E1-2515-4CBF-63A59B920B06" containerWithKeyObject="85539918-6ACD-E4B4-92F8-29B20EF246BE" localFKIndex="FD361AC1-479F-45D1-5DC8-329287613463" name="Przydzielenia_Rezerwacje_FK">
<createdBy>swide</createdBy>
<createdTime>2026-01-04 13:44:00 UTC</createdTime>
<generatorID>FA0FC9A3-B280-735D-4E3E-89C9DF5FCCC6</generatorID>
<ownerDesignName>konceptponormalizacji</ownerDesignName>
<referredTableLongName>Rezerwacje</referredTableLongName>
<deleteRule>NO ACTION</deleteRule>
<referredTableID>F966180B-0D52-2619-FE64-901F9E19FA70</referredTableID>
<keyObject>04120ABF-CE76-925A-0817-592B98C7996D</keyObject>
<referredKeyID>04120ABF-CE76-925A-0817-592B98C7996D</referredKeyID>
<mandatory>true</mandatory>
<refColNames>ID_Rezerwacji</refColNames>
<transferable>true</transferable>
<rely>false</rely>
<columnDependencyConstraintGenerateInDDL>true</columnDependencyConstraintGenerateInDDL>
</FKIndexAssociation>