<?xml version = '1.0' encoding = 'UTF-8'?>
<FKIndexAssociation class="oracle.dbtools.crest.model.design.relational.FKIndexAssociation" directorySegmentName="seg_0" id="1E8A3A2F-704C-DA37-84C5-EE2EAFE47EEC" containerWithKeyObject="F966180B-0D52-2619-FE64-901F9E19FA70" localFKIndex="E4EDFB9A-95E3-4736-6304-8C1C9E273ED9" name="Rezerwacje_Gosc_FK">
<createdBy>swide</createdBy>
<createdTime>2026-01-04 13:44:00 UTC</createdTime>
<generatorID>704A894F-0FEA-5A91-F8D0-7CE239AC9AB8</generatorID>
<ownerDesignName>konceptponormalizacji</ownerDesignName>
<referredTableLongName>Gosc</referredTableLongName>
<deleteRule>NO ACTION</deleteRule>
<referredTableID>C19275CE-BC6E-15EE-4D7A-76839604A620</referredTableID>
<keyObject>52A52B07-620A-EBD2-0E92-C6BB6E5BBEE0</keyObject>
<referredKeyID>52A52B07-620A-EBD2-0E92-C6BB6E5BBEE0</referredKeyID>
<mandatory>true</mandatory>
<refColNames>ID_Goscia</refColNames>
<transferable>true</transferable>
<rely>false</rely>
<columnDependencyConstraintGenerateInDDL>true</columnDependencyConstraintGenerateInDDL>
</FKIndexAssociation>