<?xml version = '1.0' encoding = 'UTF-8'?>
<FKIndexAssociation class="oracle.dbtools.crest.model.design.relational.FKIndexAssociation" directorySegmentName="seg_0" id="28683F46-18F7-BBD9-5687-D050BE977390" containerWithKeyObject="9D939318-3825-77F7-8581-94C586FDA2E7" localFKIndex="7E9D1CEE-1F6F-416C-CB8B-A56E4FA25437" name="Usterki_Pokoje_FK">
<createdBy>swide</createdBy>
<createdTime>2026-01-04 13:44:00 UTC</createdTime>
<generatorID>C2C551F5-37A1-3612-F6A0-4D7D4EE53ABF</generatorID>
<ownerDesignName>konceptponormalizacji</ownerDesignName>
<referredTableLongName>Pokoje</referredTableLongName>
<deleteRule>NO ACTION</deleteRule>
<referredTableID>70ED3001-C087-3B9E-E29D-7E2D4C71BBB7</referredTableID>
<keyObject>90B2B07F-07CB-D747-5E40-913B109AA685</keyObject>
<referredKeyID>90B2B07F-07CB-D747-5E40-913B109AA685</referredKeyID>
<mandatory>true</mandatory>
<refColNames>ID_Pokoju</refColNames>
<transferable>true</transferable>
<rely>false</rely>
<columnDependencyConstraintGenerateInDDL>true</columnDependencyConstraintGenerateInDDL>
</FKIndexAssociation>