<?xml version = '1.0' encoding = 'UTF-8'?>
<FKIndexAssociation class="oracle.dbtools.crest.model.design.relational.FKIndexAssociation" directorySegmentName="seg_0" id="2F494150-AE20-0949-A5AE-9375ADE9DFD0" containerWithKeyObject="826405E2-C500-FFC1-9E4A-733A8B6D19AB" localFKIndex="FB199F56-DA44-B1A0-1B0F-C18603C9A2B4" name="Grafik_pracy_Typ_zmiany_FK">
<createdBy>swide</createdBy>
<createdTime>2026-01-04 14:01:45 UTC</createdTime>
<generatorID>703FF5CB-42E4-54CF-676C-61B8D3B29020</generatorID>
<ownerDesignName>konceptponormalizacji</ownerDesignName>
<referredTableLongName>Typ_zmiany</referredTableLongName>
<deleteRule>NO ACTION</deleteRule>
<referredTableID>CD4B79A5-DEAB-8C2C-2CFC-14F5C19711DD</referredTableID>
<keyObject>346A4C69-2C01-AB3C-93FB-969DFA75D1C9</keyObject>
<referredKeyID>346A4C69-2C01-AB3C-93FB-969DFA75D1C9</referredKeyID>
<mandatory>true</mandatory>
<refColNames>ID_Typu_zmiany</refColNames>
<transferable>true</transferable>
<rely>false</rely>
<columnDependencyConstraintGenerateInDDL>true</columnDependencyConstraintGenerateInDDL>
</FKIndexAssociation>