<?xml version = '1.0' encoding = 'UTF-8'?>
<FKIndexAssociation class="oracle.dbtools.crest.model.design.relational.FKIndexAssociation" directorySegmentName="seg_0" id="35B3EBCF-803C-A96B-8A20-BBFD517865CC" containerWithKeyObject="85539918-6ACD-E4B4-92F8-29B20EF246BE" localFKIndex="CC9471AF-2914-5AA9-CF6A-51D81E69C70C" name="Przydzielenia_Pokoje_FK">
<createdBy>swide</createdBy>
<createdTime>2026-01-04 13:44:00 UTC</createdTime>
<generatorID>CB222B31-DBF7-BDAC-A108-61DF67BEB7F8</generatorID>
<ownerDesignName>konceptponormalizacji</ownerDesignName>
<referredTableLongName>Pokoje</referredTableLongName>
<deleteRule>NO ACTION</deleteRule>
<referredTableID>70ED3001-C087-3B9E-E29D-7E2D4C71BBB7</referredTableID>
<keyObject>90B2B07F-07CB-D747-5E40-913B109AA685</keyObject>
<referredKeyID>90B2B07F-07CB-D747-5E40-913B109AA685</referredKeyID>
<mandatory>true</mandatory>
<refColNames>ID_Pokoju</refColNames>
<transferable>true</transferable>
<rely>false</rely>
<columnDependencyConstraintGenerateInDDL>true</columnDependencyConstraintGenerateInDDL>
</FKIndexAssociation>