<?xml version = '1.0' encoding = 'UTF-8'?>
<FKIndexAssociation class="oracle.dbtools.crest.model.design.relational.FKIndexAssociation" directorySegmentName="seg_0" id="37B38DA8-C34E-174D-B358-695E43C79346" containerWithKeyObject="6DD44DEB-0D3B-46B5-3AB7-8F07CA38DD59" localFKIndex="A494F1EB-1CF5-2E32-1EF3-9242E5DC959A" name="Dowody_platnosci_Typ_dokumentu_FK">
<createdBy>swide</createdBy>
<createdTime>2026-01-04 13:44:00 UTC</createdTime>
<generatorID>837AAE55-B9DA-AA72-50DF-5FD7A9BC49DC</generatorID>
<ownerDesignName>konceptponormalizacji</ownerDesignName>
<referredTableLongName>Typ_dokumentu</referredTableLongName>
<deleteRule>NO ACTION</deleteRule>
<referredTableID>CBAB5887-56E6-90A0-0360-6C990FA38C40</referredTableID>
<keyObject>457D85A9-8737-20EC-CFB5-140E9A759884</keyObject>
<referredKeyID>457D85A9-8737-20EC-CFB5-140E9A759884</referredKeyID>
<mandatory>true</mandatory>
<refColNames>ID_typ_dokumentu</refColNames>
<transferable>true</transferable>
<rely>false</rely>
<columnDependencyConstraintGenerateInDDL>true</columnDependencyConstraintGenerateInDDL>
</FKIndexAssociation>