<?xml version = '1.0' encoding = 'UTF-8'?>
<FKIndexAssociation class="oracle.dbtools.crest.model.design.relational.FKIndexAssociation" directorySegmentName="seg_0" id="3A7DFEDA-B797-145F-304B-A444DF1D0ADC" containerWithKeyObject="6DD44DEB-0D3B-46B5-3AB7-8F07CA38DD59" localFKIndex="F297D8F9-D411-D3F6-5AE3-5C5C9F8CC34D" name="Dowody_platnosci_Platnosci_FK">
<createdBy>swide</createdBy>
<createdTime>2026-01-04 13:44:00 UTC</createdTime>
<generatorID>174FD546-1446-1BF0-CC0B-91A25FD3960D</generatorID>
<ownerDesignName>konceptponormalizacji</ownerDesignName>
<referredTableLongName>Platnosci</referredTableLongName>
<deleteRule>NO ACTION</deleteRule>
<referredTableID>8B738CD2-1669-C045-FC99-6764AABB8887</referredTableID>
<keyObject>C3D831EB-3146-12EE-ABB7-7F715E1B1D50</keyObject>
<referredKeyID>C3D831EB-3146-12EE-ABB7-7F715E1B1D50</referredKeyID>
<mandatory>true</mandatory>
<refColNames>ID_Platnosci</refColNames>
<transferable>true</transferable>
<rely>false</rely>
<columnDependencyConstraintGenerateInDDL>true</columnDependencyConstraintGenerateInDDL>
</FKIndexAssociation>