<?xml version = '1.0' encoding = 'UTF-8'?>
<FKIndexAssociation class="oracle.dbtools.crest.model.design.relational.FKIndexAssociation" directorySegmentName="seg_0" id="3DD7D2B6-2E83-CA5C-9333-54432DA62945" containerWithKeyObject="8B738CD2-1669-C045-FC99-6764AABB8887" localFKIndex="AA54BC89-B086-D3B8-1FB9-B6630DE6FB27" name="Platnosci_Usluga_FK">
<createdBy>swide</createdBy>
<createdTime>2026-01-04 13:44:00 UTC</createdTime>
<generatorID>D80483D4-16AE-ABD2-8716-B73B42AD5CE8</generatorID>
<ownerDesignName>konceptponormalizacji</ownerDesignName>
<referredTableLongName>Usluga</referredTableLongName>
<deleteRule>NO ACTION</deleteRule>
<referredTableID>1236E619-19B0-A716-3860-81CC0D551AE1</referredTableID>
<keyObject>D98070D3-86FE-8B84-C647-200B885B2FC2</keyObject>
<referredKeyID>D98070D3-86FE-8B84-C647-200B885B2FC2</referredKeyID>
<mandatory>true</mandatory>
<refColNames>ID_Usluga</refColNames>
<transferable>true</transferable>
<rely>false</rely>
<columnDependencyConstraintGenerateInDDL>true</columnDependencyConstraintGenerateInDDL>
</FKIndexAssociation>