<?xml version = '1.0' encoding = 'UTF-8'?>
<FKIndexAssociation class="oracle.dbtools.crest.model.design.relational.FKIndexAssociation" directorySegmentName="seg_0" id="658BAFDF-3E84-6014-D4AE-8C3106EB3153" containerWithKeyObject="E9BE8A08-D951-C779-7DCA-E34458285A1F" localFKIndex="56C104AE-A588-A3D0-CBFC-F46DE70A1BC4" name="Pozycje_zamowienia_Restauracja_FK">
<createdBy>swide</createdBy>
<createdTime>2026-01-04 13:44:00 UTC</createdTime>
<generatorID>496F9521-1964-B4D3-0898-0ADC92D3C446</generatorID>
<ownerDesignName>konceptponormalizacji</ownerDesignName>
<referredTableLongName>Restauracja</referredTableLongName>
<deleteRule>NO ACTION</deleteRule>
<referredTableID>C1EDD651-E39B-AFC5-53F0-94E7D83C56C2</referredTableID>
<keyObject>95BD4832-6315-29D4-CE7F-15D512A164B7</keyObject>
<referredKeyID>95BD4832-6315-29D4-CE7F-15D512A164B7</referredKeyID>
<mandatory>true</mandatory>
<refColNames>ID_Restauracja</refColNames>
<transferable>true</transferable>
<rely>false</rely>
<columnDependencyConstraintGenerateInDDL>true</columnDependencyConstraintGenerateInDDL>
</FKIndexAssociation>