<?xml version = '1.0' encoding = 'UTF-8'?>
<FKIndexAssociation class="oracle.dbtools.crest.model.design.relational.FKIndexAssociation" directorySegmentName="seg_0" id="66665266-50C7-CB28-D6B2-A59E00C1D8B6" containerWithKeyObject="21F3A051-BD29-11DF-8DF4-E079CB158A7B" localFKIndex="29BC3384-4378-1AB6-FA0F-14EDC6297E5F" name="Sprzatanie_Status_sprzatania_FK">
<createdBy>swide</createdBy>
<createdTime>2026-01-04 14:01:45 UTC</createdTime>
<generatorID>10FC8C74-61B4-0C5E-9A9E-2F9C5AEE4C5D</generatorID>
<ownerDesignName>konceptponormalizacji</ownerDesignName>
<referredTableLongName>Status_sprzatania</referredTableLongName>
<deleteRule>NO ACTION</deleteRule>
<referredTableID>A3096244-3053-DB42-F1D7-31D416E956B8</referredTableID>
<keyObject>B3E01FB9-1E1E-C016-CE4D-12BC1F17CA07</keyObject>
<referredKeyID>B3E01FB9-1E1E-C016-CE4D-12BC1F17CA07</referredKeyID>
<mandatory>true</mandatory>
<refColNames>ID_Statusu_sprzatania</refColNames>
<transferable>true</transferable>
<rely>false</rely>
<columnDependencyConstraintGenerateInDDL>true</columnDependencyConstraintGenerateInDDL>
</FKIndexAssociation>