<?xml version = '1.0' encoding = 'UTF-8'?>
<FKIndexAssociation class="oracle.dbtools.crest.model.design.relational.FKIndexAssociation" directorySegmentName="seg_0" id="6B30B9C5-097A-68B4-E607-EF2B99D50A23" containerWithKeyObject="C1EDD651-E39B-AFC5-53F0-94E7D83C56C2" localFKIndex="6AD90B22-EB21-B01C-0590-C214D3752AA0" name="Restauracja_Usluga_FK">
<createdBy>swide</createdBy>
<createdTime>2026-01-04 13:44:00 UTC</createdTime>
<generatorID>26D31948-4FC1-38BD-CB7E-22670D9E08C6</generatorID>
<ownerDesignName>konceptponormalizacji</ownerDesignName>
<referredTableLongName>Usluga</referredTableLongName>
<arc>3C3BCD49-7B3A-B1ED-3B06-9588C492BBCA</arc>
<deleteRule>NO ACTION</deleteRule>
<referredTableID>1236E619-19B0-A716-3860-81CC0D551AE1</referredTableID>
<keyObject>D98070D3-86FE-8B84-C647-200B885B2FC2</keyObject>
<referredKeyID>D98070D3-86FE-8B84-C647-200B885B2FC2</referredKeyID>
<mandatory>true</mandatory>
<refColNames>ID_Usluga</refColNames>
<transferable>true</transferable>
<rely>false</rely>
<discriminatorValue>RES</discriminatorValue>
<columnDependencyConstraintGenerateInDDL>true</columnDependencyConstraintGenerateInDDL>
</FKIndexAssociation>