<?xml version = '1.0' encoding = 'UTF-8'?>
<FKIndexAssociation class="oracle.dbtools.crest.model.design.relational.FKIndexAssociation" directorySegmentName="seg_0" id="6EBED6C2-4197-47BB-B2A4-BA0A52D93CE0" containerWithKeyObject="9D939318-3825-77F7-8581-94C586FDA2E7" localFKIndex="03F0DDB3-60C5-2BC3-13E2-2B95A29963EC" name="Usterki_Pracownicy_FK">
<createdBy>swide</createdBy>
<createdTime>2026-01-04 13:44:00 UTC</createdTime>
<generatorID>FDEC3CE4-FBF8-1394-F899-826410B2BB2D</generatorID>
<ownerDesignName>konceptponormalizacji</ownerDesignName>
<referredTableLongName>Pracownicy</referredTableLongName>
<deleteRule>NO ACTION</deleteRule>
<referredTableID>348F5F99-C0F4-2F0A-BEF3-B50D5D91FEFD</referredTableID>
<keyObject>4A03EDA4-64DF-E6E0-5151-F8B8090D91CB</keyObject>
<referredKeyID>4A03EDA4-64DF-E6E0-5151-F8B8090D91CB</referredKeyID>
<mandatory>false</mandatory>
<refColNames>ID_Pracownika</refColNames>
<transferable>true</transferable>
<rely>false</rely>
<columnDependencyConstraintGenerateInDDL>true</columnDependencyConstraintGenerateInDDL>
</FKIndexAssociation>