<?xml version = '1.0' encoding = 'UTF-8'?>
<FKIndexAssociation class="oracle.dbtools.crest.model.design.relational.FKIndexAssociation" directorySegmentName="seg_0" id="733D4B96-4A36-4721-4004-FABC16E1524A" containerWithKeyObject="067D8FB9-5215-97AC-F1E7-8BECF150FE65" localFKIndex="B58355B1-809F-AFCE-DEE6-DADA66B44E1D" name="Basen_Basen_Bilety_FK">
<createdBy>swide</createdBy>
<createdTime>2026-01-04 13:44:00 UTC</createdTime>
<generatorID>640307F2-86BF-2024-8251-E3B9CF7C522B</generatorID>
<ownerDesignName>konceptponormalizacji</ownerDesignName>
<referredTableLongName>Basen_Bilety</referredTableLongName>
<deleteRule>NO ACTION</deleteRule>
<referredTableID>9CD67227-E603-E282-2B72-B9B19E874B1A</referredTableID>
<keyObject>6D6907E1-6A2D-65FB-3E12-7D02AAF12A39</keyObject>
<referredKeyID>6D6907E1-6A2D-65FB-3E12-7D02AAF12A39</referredKeyID>
<mandatory>true</mandatory>
<refColNames>ID_Biletu</refColNames>
<transferable>true</transferable>
<rely>false</rely>
<columnDependencyConstraintGenerateInDDL>true</columnDependencyConstraintGenerateInDDL>
</FKIndexAssociation>