<?xml version = '1.0' encoding = 'UTF-8'?>
<FKIndexAssociation class="oracle.dbtools.crest.model.design.relational.FKIndexAssociation" directorySegmentName="seg_0" id="8DF42332-C34F-6DFF-5AB1-D1CE5A206184" containerWithKeyObject="F966180B-0D52-2619-FE64-901F9E19FA70" localFKIndex="7FB5515F-A5CA-45FD-414A-2C4D851F2A9C" name="Rezerwacje_Status_Rezerwacji_FK">
<createdBy>swide</createdBy>
<createdTime>2026-01-04 13:44:00 UTC</createdTime>
<generatorID>7CE5D3A9-59F9-1021-E65E-815B00294C76</generatorID>
<ownerDesignName>konceptponormalizacji</ownerDesignName>
<referredTableLongName>Status_Rezerwacji</referredTableLongName>
<deleteRule>NO ACTION</deleteRule>
<referredTableID>DAB535EC-5049-BD4B-DE34-48A9AFA4C7EF</referredTableID>
<keyObject>F4904268-CA67-AE79-BC4C-5AFD97794434</keyObject>
<referredKeyID>F4904268-CA67-AE79-BC4C-5AFD97794434</referredKeyID>
<mandatory>true</mandatory>
<refColNames>ID_Statusu_Rezerwacji</refColNames>
<transferable>true</transferable>
<rely>false</rely>
<columnDependencyConstraintGenerateInDDL>true</columnDependencyConstraintGenerateInDDL>
</FKIndexAssociation>