<?xml version = '1.0' encoding = 'UTF-8'?>
<FKIndexAssociation class="oracle.dbtools.crest.model.design.relational.FKIndexAssociation" directorySegmentName="seg_0" id="8F4288DE-2E86-ADB8-603D-92063EF9B6F4" containerWithKeyObject="9D939318-3825-77F7-8581-94C586FDA2E7" localFKIndex="1556C876-C90C-A7F2-45B2-7B7A36958EA1" name="Usterki_Priorytet_naprawy_FK">
<createdBy>swide</createdBy>
<createdTime>2026-01-04 14:01:45 UTC</createdTime>
<generatorID>EB50E11A-C044-1AD8-421E-2439A2129E06</generatorID>
<ownerDesignName>konceptponormalizacji</ownerDesignName>
<referredTableLongName>Priorytet_naprawy</referredTableLongName>
<deleteRule>NO ACTION</deleteRule>
<referredTableID>6263B091-A7BE-5CF3-377A-C9C1455277F3</referredTableID>
<keyObject>E29E1DE8-21A0-E214-51F2-56F66AE44065</keyObject>
<referredKeyID>E29E1DE8-21A0-E214-51F2-56F66AE44065</referredKeyID>
<mandatory>true</mandatory>
<refColNames>ID_priorytetu_naprawy</refColNames>
<transferable>true</transferable>
<rely>false</rely>
<columnDependencyConstraintGenerateInDDL>true</columnDependencyConstraintGenerateInDDL>
</FKIndexAssociation>