<?xml version = '1.0' encoding = 'UTF-8'?>
<FKIndexAssociation class="oracle.dbtools.crest.model.design.relational.FKIndexAssociation" directorySegmentName="seg_0" id="9038002E-E86A-7568-E627-99E8276C9898" containerWithKeyObject="70ED3001-C087-3B9E-E29D-7E2D4C71BBB7" localFKIndex="833751A4-41D6-EF65-FE9E-30F1D99DB39B" name="Pokoje_Status_pokoju_FK">
<createdBy>swide</createdBy>
<createdTime>2026-01-04 14:01:45 UTC</createdTime>
<generatorID>E6344531-C001-85B5-97D2-E92F73F0D56B</generatorID>
<ownerDesignName>konceptponormalizacji</ownerDesignName>
<referredTableLongName>Status_pokoju</referredTableLongName>
<deleteRule>NO ACTION</deleteRule>
<referredTableID>4EB3EDAB-AA53-DE93-D2D4-CD8AC68DF42F</referredTableID>
<keyObject>9B811E71-146F-CF9E-12D6-EDFDD300E801</keyObject>
<referredKeyID>9B811E71-146F-CF9E-12D6-EDFDD300E801</referredKeyID>
<mandatory>true</mandatory>
<refColNames>ID_Statusu_pokoju</refColNames>
<transferable>true</transferable>
<rely>false</rely>
<columnDependencyConstraintGenerateInDDL>true</columnDependencyConstraintGenerateInDDL>
</FKIndexAssociation>