<?xml version = '1.0' encoding = 'UTF-8'?>
<FKIndexAssociation class="oracle.dbtools.crest.model.design.relational.FKIndexAssociation" directorySegmentName="seg_0" id="97F4CAC4-8F6B-8372-E282-92AF79B89113" containerWithKeyObject="E9BE8A08-D951-C779-7DCA-E34458285A1F" localFKIndex="00F6EE14-1B8F-5B0F-32A5-ABAC0E0CA261" name="Pozycje_zamowienia_Menu_FK">
<createdBy>swide</createdBy>
<createdTime>2026-01-04 13:44:00 UTC</createdTime>
<generatorID>8AE3B9E9-37D4-2C38-24F4-290470199D47</generatorID>
<ownerDesignName>konceptponormalizacji</ownerDesignName>
<referredTableLongName>Menu</referredTableLongName>
<deleteRule>NO ACTION</deleteRule>
<referredTableID>1A0C654D-99E9-9E9D-05BB-7312B85E57D7</referredTableID>
<keyObject>5C7CDF8B-1D3F-47C5-D487-EC913DD7A2B9</keyObject>
<referredKeyID>5C7CDF8B-1D3F-47C5-D487-EC913DD7A2B9</referredKeyID>
<mandatory>true</mandatory>
<refColNames>ID_Dania</refColNames>
<transferable>true</transferable>
<rely>false</rely>
<columnDependencyConstraintGenerateInDDL>true</columnDependencyConstraintGenerateInDDL>
</FKIndexAssociation>