<?xml version = '1.0' encoding = 'UTF-8'?>
<FKIndexAssociation class="oracle.dbtools.crest.model.design.relational.FKIndexAssociation" directorySegmentName="seg_0" id="A2B1793B-6FB5-DCB1-A080-824C2B8481C1" containerWithKeyObject="21F3A051-BD29-11DF-8DF4-E079CB158A7B" localFKIndex="B4B4ACD5-3CA3-DE5C-D7D5-439A967AFC0E" name="Sprzatanie_Pokoje_FK">
<createdBy>swide</createdBy>
<createdTime>2026-01-04 13:44:00 UTC</createdTime>
<generatorID>C40C3251-DF96-F942-C110-9B15BE81CB9B</generatorID>
<ownerDesignName>konceptponormalizacji</ownerDesignName>
<referredTableLongName>Pokoje</referredTableLongName>
<deleteRule>NO ACTION</deleteRule>
<referredTableID>70ED3001-C087-3B9E-E29D-7E2D4C71BBB7</referredTableID>
<keyObject>90B2B07F-07CB-D747-5E40-913B109AA685</keyObject>
<referredKeyID>90B2B07F-07CB-D747-5E40-913B109AA685</referredKeyID>
<mandatory>true</mandatory>
<refColNames>ID_Pokoju</refColNames>
<transferable>true</transferable>
<rely>false</rely>
<columnDependencyConstraintGenerateInDDL>true</columnDependencyConstraintGenerateInDDL>
</FKIndexAssociation>