<?xml version = '1.0' encoding = 'UTF-8'?>
<FKIndexAssociation class="oracle.dbtools.crest.model.design.relational.FKIndexAssociation" directorySegmentName="seg_0" id="A949069A-2887-DA2E-AD16-11F44EEA7053" containerWithKeyObject="B8890D38-5114-7E8B-79C2-8A434DD751F6" localFKIndex="94F10024-BD4A-BB93-F68D-5824CC698164" name="Kody_pocztowe_Miasta_FK">
<createdBy>swide</createdBy>
<createdTime>2026-01-04 13:44:00 UTC</createdTime>
<generatorID>5B6C979C-070B-BE41-86D1-0EE22307DF40</generatorID>
<ownerDesignName>konceptponormalizacji</ownerDesignName>
<referredTableLongName>Miasta</referredTableLongName>
<deleteRule>NO ACTION</deleteRule>
<referredTableID>E4FF4564-C869-1371-52F4-A6BBE3462106</referredTableID>
<keyObject>4B2DBE30-7FAB-EBB8-5F59-AE36CEE12676</keyObject>
<referredKeyID>4B2DBE30-7FAB-EBB8-5F59-AE36CEE12676</referredKeyID>
<mandatory>true</mandatory>
<refColNames>ID_Miasta</refColNames>
<transferable>true</transferable>
<rely>false</rely>
<columnDependencyConstraintGenerateInDDL>true</columnDependencyConstraintGenerateInDDL>
</FKIndexAssociation>