<?xml version = '1.0' encoding = 'UTF-8'?>
<FKIndexAssociation class="oracle.dbtools.crest.model.design.relational.FKIndexAssociation" directorySegmentName="seg_0" id="B1FC9FF3-11FC-7383-271E-E1DCF724467F" containerWithKeyObject="9D939318-3825-77F7-8581-94C586FDA2E7" localFKIndex="587D907E-C07A-E926-8742-C2787B063E27" name="Usterki_Status_naprawy_FK">
<createdBy>swide</createdBy>
<createdTime>2026-01-04 14:01:45 UTC</createdTime>
<generatorID>5D4D7F2E-C47D-DDBC-5160-22D45020381E</generatorID>
<ownerDesignName>konceptponormalizacji</ownerDesignName>
<referredTableLongName>Status_naprawy</referredTableLongName>
<deleteRule>NO ACTION</deleteRule>
<referredTableID>295D1308-FC14-9F24-A1D6-F65F98A55274</referredTableID>
<keyObject>784E74E3-9D62-D860-6119-3FDAB052D815</keyObject>
<referredKeyID>784E74E3-9D62-D860-6119-3FDAB052D815</referredKeyID>
<mandatory>true</mandatory>
<refColNames>ID_statusu_naprawy</refColNames>
<transferable>true</transferable>
<rely>false</rely>
<columnDependencyConstraintGenerateInDDL>true</columnDependencyConstraintGenerateInDDL>
</FKIndexAssociation>