<?xml version = '1.0' encoding = 'UTF-8'?>
<FKIndexAssociation class="oracle.dbtools.crest.model.design.relational.FKIndexAssociation" directorySegmentName="seg_0" id="B29BBD4D-907C-6422-075F-3B6893C566B2" containerWithKeyObject="14679146-0E80-A8BE-F951-DA9EBCD440F4" localFKIndex="F001CEDF-7E60-BA06-C16A-5718FE233B4C" name="Kaucje_Status_Kaucji_FK">
<createdBy>swide</createdBy>
<createdTime>2026-01-04 13:44:00 UTC</createdTime>
<generatorID>94E1D063-BE9F-45B0-7BB8-3EBF537F4C3F</generatorID>
<ownerDesignName>konceptponormalizacji</ownerDesignName>
<referredTableLongName>Status_Kaucji</referredTableLongName>
<deleteRule>NO ACTION</deleteRule>
<referredTableID>4F3FF112-DF78-8DE1-D8C1-8FB5D9A7D34F</referredTableID>
<keyObject>AED18706-89F7-E1EF-F4FF-9FD601C82F52</keyObject>
<referredKeyID>AED18706-89F7-E1EF-F4FF-9FD601C82F52</referredKeyID>
<mandatory>true</mandatory>
<refColNames>ID_Statusu_Kaucji</refColNames>
<transferable>true</transferable>
<rely>false</rely>
<columnDependencyConstraintGenerateInDDL>true</columnDependencyConstraintGenerateInDDL>
</FKIndexAssociation>