<?xml version = '1.0' encoding = 'UTF-8'?>
<FKIndexAssociation class="oracle.dbtools.crest.model.design.relational.FKIndexAssociation" directorySegmentName="seg_0" id="B85532F6-FC31-3F52-62AD-F0A5FE6B26EC" containerWithKeyObject="C19275CE-BC6E-15EE-4D7A-76839604A620" localFKIndex="D8209962-C627-22B4-DCE4-E10559DC6124" name="Gosc_Typ_dokumentu_Gosc_FK">
<createdBy>swide</createdBy>
<createdTime>2026-01-04 13:44:00 UTC</createdTime>
<generatorID>29EC2048-2F19-F519-DBC7-FC947E077D50</generatorID>
<ownerDesignName>konceptponormalizacji</ownerDesignName>
<referredTableLongName>Typ_dokumentu_Gosc</referredTableLongName>
<deleteRule>NO ACTION</deleteRule>
<referredTableID>ABF301A9-64A2-DF7D-F323-488967B71BDC</referredTableID>
<keyObject>6BD3C294-B2AB-7531-C53E-F01C919D5DC9</keyObject>
<referredKeyID>6BD3C294-B2AB-7531-C53E-F01C919D5DC9</referredKeyID>
<mandatory>true</mandatory>
<refColNames>Typ_dokumentu</refColNames>
<transferable>true</transferable>
<rely>false</rely>
<columnDependencyConstraintGenerateInDDL>true</columnDependencyConstraintGenerateInDDL>
</FKIndexAssociation>