<?xml version = '1.0' encoding = 'UTF-8'?>
<FKIndexAssociation class="oracle.dbtools.crest.model.design.relational.FKIndexAssociation" directorySegmentName="seg_0" id="BA51EB64-96F8-BF2D-9165-D9D347CD2D1E" containerWithKeyObject="F966180B-0D52-2619-FE64-901F9E19FA70" localFKIndex="A12CEFF1-FBE1-935F-9672-4382F9C1C0DD" name="Rezerwacje_Kategoria_pokoju_FK">
<createdBy>swide</createdBy>
<createdTime>2026-01-04 13:44:00 UTC</createdTime>
<generatorID>52608D22-73A7-AD9B-6BBA-150D0DCF068D</generatorID>
<ownerDesignName>konceptponormalizacji</ownerDesignName>
<referredTableLongName>Kategoria_pokoju</referredTableLongName>
<deleteRule>NO ACTION</deleteRule>
<referredTableID>1D53A060-B233-5784-520E-5663E264A1D9</referredTableID>
<keyObject>359D7E95-4CD7-3034-549C-74365F9F4F95</keyObject>
<referredKeyID>359D7E95-4CD7-3034-549C-74365F9F4F95</referredKeyID>
<mandatory>true</mandatory>
<refColNames>ID_kategorii</refColNames>
<transferable>true</transferable>
<rely>false</rely>
<columnDependencyConstraintGenerateInDDL>true</columnDependencyConstraintGenerateInDDL>
</FKIndexAssociation>