<?xml version = '1.0' encoding = 'UTF-8'?>
<FKIndexAssociation class="oracle.dbtools.crest.model.design.relational.FKIndexAssociation" directorySegmentName="seg_0" id="BA9A6515-EB48-1A14-95D5-3057B24711F9" containerWithKeyObject="8B738CD2-1669-C045-FC99-6764AABB8887" localFKIndex="9636DB0B-E445-467C-403A-2B002DE63DA3" name="Platnosci_Metody_platnosci_FK">
<createdBy>swide</createdBy>
<createdTime>2026-01-04 13:44:00 UTC</createdTime>
<generatorID>816B8F27-101B-A463-42AF-B01077293C3D</generatorID>
<ownerDesignName>konceptponormalizacji</ownerDesignName>
<referredTableLongName>Metody_platnosci</referredTableLongName>
<deleteRule>NO ACTION</deleteRule>
<referredTableID>6BAABCB2-1976-0411-DF21-14575A327907</referredTableID>
<keyObject>6C8C6D84-BFD8-356F-A7EB-B0947F7EA74B</keyObject>
<referredKeyID>6C8C6D84-BFD8-356F-A7EB-B0947F7EA74B</referredKeyID>
<mandatory>true</mandatory>
<refColNames>ID_metody</refColNames>
<transferable>true</transferable>
<rely>false</rely>
<columnDependencyConstraintGenerateInDDL>true</columnDependencyConstraintGenerateInDDL>
</FKIndexAssociation>