<?xml version = '1.0' encoding = 'UTF-8'?>
<FKIndexAssociation class="oracle.dbtools.crest.model.design.relational.FKIndexAssociation" directorySegmentName="seg_0" id="C46D23B9-A337-7D0E-D716-0A0B1BE18D25" containerWithKeyObject="14679146-0E80-A8BE-F951-DA9EBCD440F4" localFKIndex="F2F10DB7-DEC4-30D0-A857-5CC257733A24" name="Kaucje_Rezerwacje_FK">
<createdBy>swide</createdBy>
<createdTime>2026-01-04 14:02:18 UTC</createdTime>
<generatorID>D793B3B3-DF8E-CA63-EDCA-1D352F8BBF38</generatorID>
<ownerDesignName>konceptponormalizacji</ownerDesignName>
<referredTableLongName>Rezerwacje</referredTableLongName>
<deleteRule>NO ACTION</deleteRule>
<referredTableID>F966180B-0D52-2619-FE64-901F9E19FA70</referredTableID>
<keyObject>04120ABF-CE76-925A-0817-592B98C7996D</keyObject>
<referredKeyID>04120ABF-CE76-925A-0817-592B98C7996D</referredKeyID>
<mandatory>true</mandatory>
<refColNames>ID_Rezerwacji</refColNames>
<transferable>true</transferable>
<rely>false</rely>
<columnDependencyConstraintGenerateInDDL>true</columnDependencyConstraintGenerateInDDL>
</FKIndexAssociation>