<?xml version = '1.0' encoding = 'UTF-8'?>
<FKIndexAssociation class="oracle.dbtools.crest.model.design.relational.FKIndexAssociation" directorySegmentName="seg_0" id="C9E1A647-AF91-F227-15A0-B90A0DBC2455" containerWithKeyObject="F966180B-0D52-2619-FE64-901F9E19FA70" localFKIndex="857AEF37-7E0F-9796-3031-A016DF2ECEE3" name="Rezerwacje_Kaucje_FK">
<createdBy>swide</createdBy>
<createdTime>2026-01-04 14:02:18 UTC</createdTime>
<generatorID>D793B3B3-DF8E-CA63-EDCA-1D352F8BBF38</generatorID>
<ownerDesignName>konceptponormalizacji</ownerDesignName>
<referredTableLongName>Kaucje</referredTableLongName>
<deleteRule>NO ACTION</deleteRule>
<referredTableID>14679146-0E80-A8BE-F951-DA9EBCD440F4</referredTableID>
<keyObject>67E1D390-12D6-D276-BD22-3EF2FE94DBDC</keyObject>
<referredKeyID>67E1D390-12D6-D276-BD22-3EF2FE94DBDC</referredKeyID>
<mandatory>true</mandatory>
<refColNames>ID_Kaucji</refColNames>
<transferable>true</transferable>
<rely>false</rely>
<columnDependencyConstraintGenerateInDDL>true</columnDependencyConstraintGenerateInDDL>
</FKIndexAssociation>