<?xml version = '1.0' encoding = 'UTF-8'?>
<FKIndexAssociation class="oracle.dbtools.crest.model.design.relational.FKIndexAssociation" directorySegmentName="seg_0" id="F32698B3-9C10-8353-B93D-F948B9EED437" containerWithKeyObject="70ED3001-C087-3B9E-E29D-7E2D4C71BBB7" localFKIndex="477B95A4-B03C-1002-C57F-9A191DF65DFF" name="Pokoje_Kategoria_pokoju_FK">
<createdBy>swide</createdBy>
<createdTime>2026-01-04 13:44:00 UTC</createdTime>
<generatorID>FF083ED2-420F-81C0-7E14-B0C9BB994E59</generatorID>
<ownerDesignName>konceptponormalizacji</ownerDesignName>
<referredTableLongName>Kategoria_pokoju</referredTableLongName>
<deleteRule>NO ACTION</deleteRule>
<referredTableID>1D53A060-B233-5784-520E-5663E264A1D9</referredTableID>
<keyObject>359D7E95-4CD7-3034-549C-74365F9F4F95</keyObject>
<referredKeyID>359D7E95-4CD7-3034-549C-74365F9F4F95</referredKeyID>
<mandatory>true</mandatory>
<refColNames>ID_kategorii</refColNames>
<transferable>true</transferable>
<rely>false</rely>
<columnDependencyConstraintGenerateInDDL>true</columnDependencyConstraintGenerateInDDL>
</FKIndexAssociation>