<?xml version = '1.0' encoding = 'UTF-8'?>
<FKIndexAssociation class="oracle.dbtools.crest.model.design.relational.FKIndexAssociation" directorySegmentName="seg_0" id="F3B28783-E820-2B6B-0615-CFE7FBF17E11" containerWithKeyObject="A5A1B0AA-6491-2EDE-ACA7-478FD38467B4" localFKIndex="81DCAC44-2C72-7FD0-F726-9B0B0BC8D5EB" name="Parking_Pokoje_FK">
<createdBy>swide</createdBy>
<createdTime>2026-01-04 13:44:00 UTC</createdTime>
<generatorID>435C94FA-4828-399B-0085-9B172E592E58</generatorID>
<ownerDesignName>konceptponormalizacji</ownerDesignName>
<referredTableLongName>Pokoje</referredTableLongName>
<deleteRule>NO ACTION</deleteRule>
<referredTableID>70ED3001-C087-3B9E-E29D-7E2D4C71BBB7</referredTableID>
<keyObject>90B2B07F-07CB-D747-5E40-913B109AA685</keyObject>
<referredKeyID>90B2B07F-07CB-D747-5E40-913B109AA685</referredKeyID>
<mandatory>true</mandatory>
<refColNames>ID_Pokoju</refColNames>
<transferable>true</transferable>
<rely>false</rely>
<columnDependencyConstraintGenerateInDDL>true</columnDependencyConstraintGenerateInDDL>
</FKIndexAssociation>