<?xml version = '1.0' encoding = 'UTF-8'?>
<FKIndexAssociation class="oracle.dbtools.crest.model.design.relational.FKIndexAssociation" directorySegmentName="seg_0" id="FE2E28F9-9F4C-273C-87FE-6FDCD183CD5C" containerWithKeyObject="8B738CD2-1669-C045-FC99-6764AABB8887" localFKIndex="A832662F-212F-5CD9-9DE6-40319CCD2860" name="Platnosci_Przydzielenia_FK">
<createdBy>swide</createdBy>
<createdTime>2026-01-04 13:44:00 UTC</createdTime>
<generatorID>B8300C7D-2B7B-03F9-17FC-2A52D8DC5BEE</generatorID>
<ownerDesignName>konceptponormalizacji</ownerDesignName>
<referredTableLongName>Przydzielenia</referredTableLongName>
<deleteRule>NO ACTION</deleteRule>
<referredTableID>85539918-6ACD-E4B4-92F8-29B20EF246BE</referredTableID>
<keyObject>A7626D15-38BE-2663-1A1D-4508C7D29B79</keyObject>
<referredKeyID>A7626D15-38BE-2663-1A1D-4508C7D29B79</referredKeyID>
<mandatory>true</mandatory>
<refColNames>ID_przydzielenia</refColNames>
<transferable>true</transferable>
<rely>false</rely>
<columnDependencyConstraintGenerateInDDL>true</columnDependencyConstraintGenerateInDDL>
</FKIndexAssociation>