<?xml version = '1.0' encoding = 'UTF-8'?>
<Relation class="oracle.dbtools.crest.model.design.logical.Relation" name="Relation_26" directorySegmentName="seg_0" id="435C94FA-4828-399B-0085-9B172E592E58">
<createdBy>qb</createdBy>
<createdTime>2025-12-21 18:11:56 UTC</createdTime>
<ownerDesignName>konceptponormalizacji</ownerDesignName>
<engineerTo>
<item key="D0F540F1-9674-2547-A352-47BE0605ACC9" value="true"/>
</engineerTo>
<sourcePk>F4DE0CA0-613C-F030-AD72-F7EC7A7A72B0</sourcePk>
<identifying>false</identifying>
<optionalSource>true</optionalSource>
<optionalTarget>false</optionalTarget>
<sourceCardinality>1</sourceCardinality>
<sourceEntity>826694FD-5AB3-FE26-860A-5340FF53EC17</sourceEntity>
<targetCardinalityString>*</targetCardinalityString>
<targetEntity>2BA23BDC-7582-26E0-5B15-C6F74C852CA8</targetEntity>
<transferable>true</transferable>
<deleteRule>NO ACTION</deleteRule>
</Relation>