<?xml version = '1.0' encoding = 'UTF-8'?>
<Relation class="oracle.dbtools.crest.model.design.logical.Relation" name="Relation_46" directorySegmentName="seg_0" id="9F258B21-FE2F-9673-AD3B-F642FACF9AF3">
<createdBy>swide</createdBy>
<createdTime>2026-01-03 21:22:42 UTC</createdTime>
<ownerDesignName>konceptponormalizacji</ownerDesignName>
<engineerTo>
<item key="D0F540F1-9674-2547-A352-47BE0605ACC9" value="true"/>
</engineerTo>
<sourcePk>D3E868C3-A6A7-32F5-D2C6-9594067106DA</sourcePk>
<identifying>false</identifying>
<optionalSource>true</optionalSource>
<optionalTarget>false</optionalTarget>
<sourceCardinality>1</sourceCardinality>
<sourceEntity>0C1737B1-1C69-D4BC-F10E-8D2A71AEA2CA</sourceEntity>
<targetCardinalityString>1</targetCardinalityString>
<targetEntity>830A01DD-A276-F72A-89D9-CA4E3550321C</targetEntity>
<transferable>true</transferable>
<deleteRule>NO ACTION</deleteRule>
</Relation>