<?xml version = '1.0' encoding = 'UTF-8'?>
<Relation class="oracle.dbtools.crest.model.design.logical.Relation" name="Relation_20" directorySegmentName="seg_0" id="C2C551F5-37A1-3612-F6A0-4D7D4EE53ABF">
<createdBy>Kuba</createdBy>
<createdTime>2025-12-07 19:17:06 UTC</createdTime>
<ownerDesignName>konceptponormalizacji</ownerDesignName>
<engineerTo>
<item key="D0F540F1-9674-2547-A352-47BE0605ACC9" value="true"/>
</engineerTo>
<sourcePk>F4DE0CA0-613C-F030-AD72-F7EC7A7A72B0</sourcePk>
<identifying>false</identifying>
<optionalSource>true</optionalSource>
<optionalTarget>false</optionalTarget>
<sourceCardinality>1</sourceCardinality>
<sourceEntity>826694FD-5AB3-FE26-860A-5340FF53EC17</sourceEntity>
<targetCardinalityString>*</targetCardinalityString>
<targetEntity>589CBE1B-8880-A026-505C-C5021D145452</targetEntity>
<transferable>true</transferable>
<deleteRule>NO ACTION</deleteRule>
</Relation>