<?xml version = '1.0' encoding = 'UTF-8'?>
<Diagram class="oracle.dbtools.crest.swingui.logical.DPVLogical" name="Logical" id="84A03146-8DEE-5A4D-05AB-BB9B2CE6A132">
<createdBy>qb</createdBy>
<modifiedBy>qb</modifiedBy>
<createdTime>2025-12-02 13:11:32 UTC</createdTime>
<autoRoute>false</autoRoute>
<boxInbox>true</boxInbox>
<showLegend>false</showLegend>
<showLabels>false</showLabels>
<showRelAttributes>false</showRelAttributes>
<gridEnabled>false</gridEnabled>
<showGrid>false</showGrid>
<diagramColor>-1</diagramColor>
<display>false</display>
<notation>1</notation>
<objectViews>
<OView class="oracle.dbtools.crest.swingui.logical.TVEntity" oid="0A599E2A-21E2-3F4F-CCC4-CD83832E1E79" otype="Entity" vid="A755F97C-422B-D73D-55E7-845BFCFD46A7">
<hideElementsInCurrentOnly>false</hideElementsInCurrentOnly>
<bounds x="474" y="175" width="174" height="115"/>
</OView>
<OView class="oracle.dbtools.crest.swingui.logical.TVEntity" oid="0C1737B1-1C69-D4BC-F10E-8D2A71AEA2CA" otype="Entity" vid="143B5C11-3AF7-DCFC-1DEF-25C8959EFDF9">
<hideElementsInCurrentOnly>false</hideElementsInCurrentOnly>
<bounds x="1524" y="929" width="170" height="110"/>
</OView>
<OView class="oracle.dbtools.crest.swingui.logical.TVEntity" oid="10C5D019-534D-3321-E47B-0B45E73E83CB" otype="Entity" vid="2A2A1CAE-5C19-F3C6-5634-C5ABCE07026F">
<hideElementsInCurrentOnly>false</hideElementsInCurrentOnly>
<bounds x="750" y="151" width="115" height="89"/>
</OView>
<OView class="oracle.dbtools.crest.swingui.logical.TVEntity" oid="1995E5CD-D48E-0E16-DD70-581BC2C50AF8" otype="Entity" vid="A2348C2E-1524-F709-7177-E02E1A3152B4">
<hideElementsInCurrentOnly>false</hideElementsInCurrentOnly>
<bounds x="38" y="64" width="377" height="270"/>
</OView>
<OView class="oracle.dbtools.crest.swingui.logical.TVEntity" oid="1F8A49B3-82C5-DDC0-AB8E-23D612EA6246" otype="Entity" vid="5C7FBC4D-434C-252F-6D42-0D5AE96B3480">
<hideElementsInCurrentOnly>false</hideElementsInCurrentOnly>
<bounds x="1170" y="522" width="215" height="108"/>
</OView>
<OView class="oracle.dbtools.crest.swingui.logical.TVEntity" oid="2BA23BDC-7582-26E0-5B15-C6F74C852CA8" otype="Entity" vid="4D52FE55-0950-2232-84EF-3A462F1C9739">
<hideElementsInCurrentOnly>false</hideElementsInCurrentOnly>
<bounds x="701" y="27" width="170" height="110"/>
</OView>
<OView class="oracle.dbtools.crest.swingui.logical.TVEntity" oid="354C05AB-0988-82F5-AEDB-4F5B807F4ACD" otype="Entity" vid="D262C0C8-0AF5-BF89-82BF-A7171F82DDF2">
<hideElementsInCurrentOnly>false</hideElementsInCurrentOnly>
<bounds x="1291" y="96" width="208" height="142"/>
</OView>
<OView class="oracle.dbtools.crest.swingui.logical.TVEntity" oid="388BFF24-8664-01BC-01E9-89B8460A1625" otype="Entity" vid="DCBD1144-F624-AB7A-2A0E-7EC3718811B2">
<hideElementsInCurrentOnly>false</hideElementsInCurrentOnly>
<bounds x="1830" y="745" width="170" height="110"/>
</OView>
<OView class="oracle.dbtools.crest.swingui.logical.TVEntity" oid="46CA30D9-F7FE-8DF3-1FB5-A8B8BB3C1EF7" otype="Entity" vid="7DA9F280-CBAE-C5CD-2022-7CE5588992F6">
<hideElementsInCurrentOnly>false</hideElementsInCurrentOnly>
<bounds x="606" y="459" width="148" height="94"/>
</OView>
<OView class="oracle.dbtools.crest.swingui.logical.TVEntity" oid="4CE0FD7C-E451-DF63-5082-2532FE2CE298" otype="Entity" vid="314589C2-53B0-EB6D-E072-9590435BD449">
<hideElementsInCurrentOnly>false</hideElementsInCurrentOnly>
<bounds x="1532" y="711" width="186" height="104"/>
</OView>
<OView class="oracle.dbtools.crest.swingui.logical.TVEntity" oid="5395472D-5E3A-C350-DC75-0FAFF2D5C596" otype="Entity" vid="3908320D-9F6D-BC24-F0C5-170D468B2EEC">
<hideElementsInCurrentOnly>false</hideElementsInCurrentOnly>
<bounds x="1622" y="98" width="179" height="175"/>
</OView>
<OView class="oracle.dbtools.crest.swingui.logical.TVEntity" oid="589CBE1B-8880-A026-505C-C5021D145452" otype="Entity" vid="5C4C4B62-D45D-7C1F-C017-4D45FEFAB5A0">
<hideElementsInCurrentOnly>false</hideElementsInCurrentOnly>
<bounds x="1423" y="361" width="245" height="159"/>
</OView>
<OView class="oracle.dbtools.crest.swingui.logical.TVEntity" oid="5945F954-279A-CABD-CD12-FCB249FD08CE" otype="Entity" vid="9312C777-E99D-5A27-9BEB-CB5DA85B8E05">
<hideElementsInCurrentOnly>false</hideElementsInCurrentOnly>
<bounds x="460" y="34" width="195" height="110"/>
</OView>
<OView class="oracle.dbtools.crest.swingui.logical.TVEntity" oid="64049953-0FB0-6694-FB2C-20696A56FD97" otype="Entity" vid="DE3737B0-052F-5EF2-9383-99FDD6EFF206">
<hideElementsInCurrentOnly>false</hideElementsInCurrentOnly>
<bounds x="213" y="98" width="176" height="88"/>
</OView>
<OView class="oracle.dbtools.crest.swingui.logical.TVEntity" oid="654B8435-4C32-8E6A-AE3D-FF9DF7543F3B" otype="Entity" vid="F9F87722-3C3E-350A-9E93-DDF5776B52FD">
<hideElementsInCurrentOnly>false</hideElementsInCurrentOnly>
<bounds x="490" y="610" width="170" height="110"/>
</OView>
<OView class="oracle.dbtools.crest.swingui.logical.TVEntity" oid="70899324-FF0F-3BC6-E630-695704EDC863" otype="Entity" vid="02A6C3EB-CF3F-06EE-7BE5-55F0B6E595A8">
<hideElementsInCurrentOnly>false</hideElementsInCurrentOnly>
<bounds x="509" y="937" width="170" height="110"/>
</OView>
<OView class="oracle.dbtools.crest.swingui.logical.TVEntity" oid="7128F51C-5EC4-BD28-2E77-D03F3D396A63" otype="Entity" vid="D8FC675E-BA0B-453F-88D1-A34A1D8632DF">
<hideElementsInCurrentOnly>false</hideElementsInCurrentOnly>
<bounds x="906" y="369" width="192" height="133"/>
</OView>
<OView class="oracle.dbtools.crest.swingui.logical.TVEntity" oid="7969D496-5F67-8477-B2A9-23849FE84EF0" otype="Entity" vid="6C046A45-BE54-AD49-14D4-F8ABD4F9B3E8">
<hideElementsInCurrentOnly>false</hideElementsInCurrentOnly>
<bounds x="179" y="227" width="183" height="79"/>
</OView>
<OView class="oracle.dbtools.crest.swingui.logical.TVEntity" oid="826694FD-5AB3-FE26-860A-5340FF53EC17" otype="Entity" vid="851C2610-AD11-BC22-0F4C-2830488BEB10">
<hideElementsInCurrentOnly>false</hideElementsInCurrentOnly>
<bounds x="919" y="80" width="239" height="124"/>
</OView>
<OView class="oracle.dbtools.crest.swingui.logical.TVEntity" oid="830A01DD-A276-F72A-89D9-CA4E3550321C" otype="Entity" vid="9CE44E86-1CAA-2A29-3DAB-A828CFF7CF47">
<hideElementsInCurrentOnly>false</hideElementsInCurrentOnly>
<bounds x="1135" y="726" width="281" height="177"/>
</OView>
<OView class="oracle.dbtools.crest.swingui.logical.TVEntity" oid="90D2E83C-4DB5-11A8-30D5-2D85B878DBC9" otype="Entity" vid="D926AF4A-B5BC-F1EE-3F99-2FDC081FFFB3">
<hideElementsInCurrentOnly>false</hideElementsInCurrentOnly>
<bounds x="13" y="445" width="213" height="86"/>
</OView>
<OView class="oracle.dbtools.crest.swingui.logical.TVEntity" oid="99502EF3-43F0-1F63-3CF6-79C363D6C3DB" otype="Entity" vid="3AF73E4C-6CBA-9EE4-3DE1-966B176DEF76">
<hideElementsInCurrentOnly>false</hideElementsInCurrentOnly>
<bounds x="513" y="752" width="170" height="110"/>
</OView>
<OView class="oracle.dbtools.crest.swingui.logical.TVEntity" oid="A277C0C3-BC97-6BBD-FACE-556E233F6649" otype="Entity" vid="572466B9-FDAF-01C8-F59C-848D3585BAD4">
<hideElementsInCurrentOnly>false</hideElementsInCurrentOnly>
<bounds x="536" y="347" width="169" height="85"/>
</OView>
<OView class="oracle.dbtools.crest.swingui.logical.TVEntity" oid="C0D2E8DF-8DF9-9B2D-C65B-DEB58D488D24" otype="Entity" vid="4B35501A-DC85-B942-04BF-FD4EA013453F">
<hideElementsInCurrentOnly>false</hideElementsInCurrentOnly>
<bounds x="243" y="828" width="170" height="110"/>
</OView>
<OView class="oracle.dbtools.crest.swingui.logical.TVEntity" oid="C1BA7FE6-037A-4540-BF8B-15E5CFE66AC4" otype="Entity" vid="E1C809AC-EE8D-26C0-3750-2A765D3AA1EF">
<hideElementsInCurrentOnly>false</hideElementsInCurrentOnly>
<bounds x="808" y="735" width="145" height="175"/>
</OView>
<OView class="oracle.dbtools.crest.swingui.logical.TVEntity" oid="CB729882-29DE-5080-8379-E8A3369F5659" otype="Entity" vid="84A7E3CB-FE39-4ABA-5CA9-28AAAB5C849D">
<hideElementsInCurrentOnly>false</hideElementsInCurrentOnly>
<bounds x="1971" y="115" width="170" height="110"/>
</OView>
<OView class="oracle.dbtools.crest.swingui.logical.TVEntity" oid="D32F1FAB-4F94-B21F-0B8A-D3321725175C" otype="Entity" vid="FDBC21F8-FDEA-F812-585E-89E97CCA2183">
<hideElementsInCurrentOnly>false</hideElementsInCurrentOnly>
<bounds x="887" y="264" width="102" height="91"/>
</OView>
<OView class="oracle.dbtools.crest.swingui.logical.TVEntity" oid="E03526B6-0E5E-49FF-BFC9-3D0733A047B1" otype="Entity" vid="644F6A7F-1151-90DB-58CB-E656DB9F9EEE">
<hideElementsInCurrentOnly>false</hideElementsInCurrentOnly>
<bounds x="838" y="555" width="142" height="107"/>
</OView>
<OView class="oracle.dbtools.crest.swingui.logical.TVEntity" oid="E75D8613-2B54-F485-F605-4980DFB3CF16" otype="Entity" vid="E751401A-678B-B627-75D6-D7982E40BCA4">
<hideElementsInCurrentOnly>false</hideElementsInCurrentOnly>
<bounds x="337" y="408" width="163" height="97"/>
</OView>
<OView class="oracle.dbtools.crest.swingui.logical.TVEntity" oid="F9F623D8-1DC8-D4A1-BBB1-C65A30DA9C82" otype="Entity" vid="0D549656-41BB-05BC-74A8-F80C08283866">
<hideElementsInCurrentOnly>false</hideElementsInCurrentOnly>
<bounds x="1737" y="497" width="230" height="142"/>
</OView>
</objectViews>
<connectors>
<Connector class="oracle.dbtools.crest.swingui.logical.TVRelation" oid="174FD546-1446-1BF0-CC0B-91A25FD3960D" otype="Relation" vid_source="A755F97C-422B-D73D-55E7-845BFCFD46A7" vid_target="2A2A1CAE-5C19-F3C6-5634-C5ABCE07026F">
<hideElementsInCurrentOnly>false</hideElementsInCurrentOnly>
<backgroundColor>-16777216</backgroundColor>
<lineWidth>1</lineWidth>
<points>
<point x="648" y="207"/>
<point x="750" y="207"/>
</points>
</Connector>
<Connector class="oracle.dbtools.crest.swingui.logical.TVInheritanceRelation" oid="26D31948-4FC1-38BD-CB7E-22670D9E08C6" otype="Hierarchy relation" vid_source="A2348C2E-1524-F709-7177-E02E1A3152B4" vid_target="6C046A45-BE54-AD49-14D4-F8ABD4F9B3E8">
<hideElementsInCurrentOnly>false</hideElementsInCurrentOnly>
<backgroundColor>-65536</backgroundColor>
<lineWidth>1</lineWidth>
</Connector>
<Connector class="oracle.dbtools.crest.swingui.logical.TVRelation" oid="29EC2048-2F19-F519-DBC7-FC947E077D50" otype="Relation" vid_source="F9F87722-3C3E-350A-9E93-DDF5776B52FD" vid_target="E1C809AC-EE8D-26C0-3750-2A765D3AA1EF">
<hideElementsInCurrentOnly>false</hideElementsInCurrentOnly>
<backgroundColor>-16777216</backgroundColor>
<lineWidth>1</lineWidth>
<points>
<point x="660" y="708"/>
<point x="808" y="785"/>
</points>
</Connector>
<Connector class="oracle.dbtools.crest.swingui.logical.TVRelation" oid="307BDD75-006C-A315-E4B8-B32CC641AE2D" otype="Relation" vid_source="3908320D-9F6D-BC24-F0C5-170D468B2EEC" vid_target="0D549656-41BB-05BC-74A8-F80C08283866">
<hideElementsInCurrentOnly>false</hideElementsInCurrentOnly>
<backgroundColor>-16777216</backgroundColor>
<lineWidth>1</lineWidth>
<points>
<point x="1769" y="273"/>
<point x="1769" y="497"/>
</points>
</Connector>
<Connector class="oracle.dbtools.crest.swingui.logical.TVRelation" oid="3CFFF9B2-E037-B81A-F640-9E1D1D1327BC" otype="Relation" vid_source="D926AF4A-B5BC-F1EE-3F99-2FDC081FFFB3" vid_target="A2348C2E-1524-F709-7177-E02E1A3152B4">
<hideElementsInCurrentOnly>false</hideElementsInCurrentOnly>
<backgroundColor>-16777216</backgroundColor>
<lineWidth>1</lineWidth>
<points>
<point x="132" y="445"/>
<point x="132" y="334"/>
</points>
</Connector>
<Connector class="oracle.dbtools.crest.swingui.logical.TVRelation" oid="435C94FA-4828-399B-0085-9B172E592E58" otype="Relation" vid_source="851C2610-AD11-BC22-0F4C-2830488BEB10" vid_target="4D52FE55-0950-2232-84EF-3A462F1C9739">
<hideElementsInCurrentOnly>false</hideElementsInCurrentOnly>
<backgroundColor>-16777216</backgroundColor>
<lineWidth>1</lineWidth>
<points>
<point x="919" y="108"/>
<point x="871" y="108"/>
</points>
</Connector>
<Connector class="oracle.dbtools.crest.swingui.logical.TVRelation" oid="496F9521-1964-B4D3-0898-0ADC92D3C446" otype="Relation" vid_source="6C046A45-BE54-AD49-14D4-F8ABD4F9B3E8" vid_target="E751401A-678B-B627-75D6-D7982E40BCA4">
<hideElementsInCurrentOnly>false</hideElementsInCurrentOnly>
<backgroundColor>-16777216</backgroundColor>
<lineWidth>1</lineWidth>
<points>
<point x="265" y="306"/>
<point x="377" y="408"/>
</points>
</Connector>
<Connector class="oracle.dbtools.crest.swingui.logical.TVRelation" oid="52608D22-73A7-AD9B-6BBA-150D0DCF068D" otype="Relation" vid_source="5C7FBC4D-434C-252F-6D42-0D5AE96B3480" vid_target="9CE44E86-1CAA-2A29-3DAB-A828CFF7CF47">
<hideElementsInCurrentOnly>false</hideElementsInCurrentOnly>
<backgroundColor>-16777216</backgroundColor>
<lineWidth>1</lineWidth>
<points>
<point x="1277" y="630"/>
<point x="1277" y="726"/>
</points>
</Connector>
<Connector class="oracle.dbtools.crest.swingui.logical.TVRelation" oid="54F57480-6C8F-D65F-E677-1287F4E42FE4" otype="Relation" vid_source="DCBD1144-F624-AB7A-2A0E-7EC3718811B2" vid_target="314589C2-53B0-EB6D-E072-9590435BD449">
<hideElementsInCurrentOnly>false</hideElementsInCurrentOnly>
<backgroundColor>-16777216</backgroundColor>
<lineWidth>1</lineWidth>
<points>
<point x="1830" y="795"/>
<point x="1718" y="795"/>
</points>
</Connector>
<Connector class="oracle.dbtools.crest.swingui.logical.TVRelation" oid="5B6C979C-070B-BE41-86D1-0EE22307DF40" otype="Relation" vid_source="02A6C3EB-CF3F-06EE-7BE5-55F0B6E595A8" vid_target="4B35501A-DC85-B942-04BF-FD4EA013453F">
<hideElementsInCurrentOnly>false</hideElementsInCurrentOnly>
<backgroundColor>-16777216</backgroundColor>
<lineWidth>1</lineWidth>
<points>
<point x="509" y="937"/>
<point x="413" y="937"/>
</points>
</Connector>
<Connector class="oracle.dbtools.crest.swingui.logical.TVRelation" oid="640307F2-86BF-2024-8251-E3B9CF7C522B" otype="Relation" vid_source="9312C777-E99D-5A27-9BEB-CB5DA85B8E05" vid_target="DE3737B0-052F-5EF2-9383-99FDD6EFF206">
<hideElementsInCurrentOnly>false</hideElementsInCurrentOnly>
<backgroundColor>-16777216</backgroundColor>
<lineWidth>1</lineWidth>
<points>
<point x="460" y="105"/>
<point x="351" y="98"/>
</points>
</Connector>
<Connector class="oracle.dbtools.crest.swingui.logical.TVRelation" oid="704A894F-0FEA-5A91-F8D0-7CE239AC9AB8" otype="Relation" vid_source="E1C809AC-EE8D-26C0-3750-2A765D3AA1EF" vid_target="9CE44E86-1CAA-2A29-3DAB-A828CFF7CF47">
<hideElementsInCurrentOnly>false</hideElementsInCurrentOnly>
<backgroundColor>-16777216</backgroundColor>
<lineWidth>1</lineWidth>
<points>
<point x="953" y="819"/>
<point x="1135" y="819"/>
</points>
</Connector>
<Connector class="oracle.dbtools.crest.swingui.logical.TVRelation" oid="816B8F27-101B-A463-42AF-B01077293C3D" otype="Relation" vid_source="572466B9-FDAF-01C8-F59C-848D3585BAD4" vid_target="A755F97C-422B-D73D-55E7-845BFCFD46A7">
<hideElementsInCurrentOnly>false</hideElementsInCurrentOnly>
<backgroundColor>-16777216</backgroundColor>
<lineWidth>1</lineWidth>
<points>
<point x="592" y="347"/>
<point x="592" y="290"/>
</points>
</Connector>
<Connector class="oracle.dbtools.crest.swingui.logical.TVRelation" oid="837AAE55-B9DA-AA72-50DF-5FD7A9BC49DC" otype="Relation" vid_source="FDBC21F8-FDEA-F812-585E-89E97CCA2183" vid_target="2A2A1CAE-5C19-F3C6-5634-C5ABCE07026F">
<hideElementsInCurrentOnly>false</hideElementsInCurrentOnly>
<backgroundColor>-16777216</backgroundColor>
<lineWidth>1</lineWidth>
<points>
<point x="887" y="264"/>
<point x="858" y="240"/>
</points>
</Connector>
<Connector class="oracle.dbtools.crest.swingui.logical.TVRelation" oid="8AE3B9E9-37D4-2C38-24F4-290470199D47" otype="Relation" vid_source="7DA9F280-CBAE-C5CD-2022-7CE5588992F6" vid_target="E751401A-678B-B627-75D6-D7982E40BCA4">
<hideElementsInCurrentOnly>false</hideElementsInCurrentOnly>
<backgroundColor>-16777216</backgroundColor>
<lineWidth>1</lineWidth>
<points>
<point x="606" y="482"/>
<point x="500" y="482"/>
</points>
</Connector>
<Connector class="oracle.dbtools.crest.swingui.logical.TVRelation" oid="8DBC5858-D887-47CE-DBBF-971CD3B50BB0" otype="Relation" vid_source="84A7E3CB-FE39-4ABA-5CA9-28AAAB5C849D" vid_target="3908320D-9F6D-BC24-F0C5-170D468B2EEC">
<hideElementsInCurrentOnly>false</hideElementsInCurrentOnly>
<backgroundColor>-16777216</backgroundColor>
<lineWidth>1</lineWidth>
<points>
<point x="1971" y="170"/>
<point x="1801" y="170"/>
</points>
</Connector>
<Connector class="oracle.dbtools.crest.swingui.logical.TVRelation" oid="90B61B5F-3A9D-EF60-87D3-B20B866053AD" otype="Relation" vid_source="D8FC675E-BA0B-453F-88D1-A34A1D8632DF" vid_target="644F6A7F-1151-90DB-58CB-E656DB9F9EEE">
<hideElementsInCurrentOnly>false</hideElementsInCurrentOnly>
<backgroundColor>-16777216</backgroundColor>
<lineWidth>1</lineWidth>
<points>
<point x="943" y="502"/>
<point x="943" y="555"/>
</points>
</Connector>
<Connector class="oracle.dbtools.crest.swingui.logical.TVRelation" oid="9F258B21-FE2F-9673-AD3B-F642FACF9AF3" otype="Relation" vid_source="143B5C11-3AF7-DCFC-1DEF-25C8959EFDF9" vid_target="9CE44E86-1CAA-2A29-3DAB-A828CFF7CF47">
<hideElementsInCurrentOnly>false</hideElementsInCurrentOnly>
<backgroundColor>-16777216</backgroundColor>
<lineWidth>1</lineWidth>
<points>
<point x="1524" y="940"/>
<point x="1416" y="885"/>
</points>
</Connector>
<Connector class="oracle.dbtools.crest.swingui.logical.TVRelation" oid="B8300C7D-2B7B-03F9-17FC-2A52D8DC5BEE" otype="Relation" vid_source="D8FC675E-BA0B-453F-88D1-A34A1D8632DF" vid_target="A755F97C-422B-D73D-55E7-845BFCFD46A7">
<hideElementsInCurrentOnly>false</hideElementsInCurrentOnly>
<backgroundColor>-16777216</backgroundColor>
<lineWidth>1</lineWidth>
<points>
<point x="906" y="391"/>
<point x="648" y="272"/>
</points>
</Connector>
<Connector class="oracle.dbtools.crest.swingui.logical.TVRelation" oid="BF780DA2-4EBC-9565-FE3D-C43E6D0720E0" otype="Relation" vid_source="3AF73E4C-6CBA-9EE4-3DE1-966B176DEF76" vid_target="E1C809AC-EE8D-26C0-3750-2A765D3AA1EF">
<hideElementsInCurrentOnly>false</hideElementsInCurrentOnly>
<backgroundColor>-16777216</backgroundColor>
<lineWidth>1</lineWidth>
<points>
<point x="683" y="807"/>
<point x="808" y="807"/>
</points>
</Connector>
<Connector class="oracle.dbtools.crest.swingui.logical.TVRelation" oid="C2C551F5-37A1-3612-F6A0-4D7D4EE53ABF" otype="Relation" vid_source="851C2610-AD11-BC22-0F4C-2830488BEB10" vid_target="5C4C4B62-D45D-7C1F-C017-4D45FEFAB5A0">
<hideElementsInCurrentOnly>false</hideElementsInCurrentOnly>
<backgroundColor>-16777216</backgroundColor>
<lineWidth>1</lineWidth>
<points>
<point x="1143" y="204"/>
<point x="1423" y="368"/>
</points>
</Connector>
<Connector class="oracle.dbtools.crest.swingui.logical.TVRelation" oid="C40C3251-DF96-F942-C110-9B15BE81CB9B" otype="Relation" vid_source="851C2610-AD11-BC22-0F4C-2830488BEB10" vid_target="D262C0C8-0AF5-BF89-82BF-A7171F82DDF2">
<hideElementsInCurrentOnly>false</hideElementsInCurrentOnly>
<backgroundColor>-16777216</backgroundColor>
<lineWidth>1</lineWidth>
<points>
<point x="1158" y="150"/>
<point x="1291" y="150"/>
</points>
</Connector>
<Connector class="oracle.dbtools.crest.swingui.logical.TVRelation" oid="CB222B31-DBF7-BDAC-A108-61DF67BEB7F8" otype="Relation" vid_source="851C2610-AD11-BC22-0F4C-2830488BEB10" vid_target="D8FC675E-BA0B-453F-88D1-A34A1D8632DF">
<hideElementsInCurrentOnly>false</hideElementsInCurrentOnly>
<backgroundColor>-16777216</backgroundColor>
<lineWidth>1</lineWidth>
<points>
<point x="1008" y="204"/>
<point x="1008" y="369"/>
</points>
</Connector>
<Connector class="oracle.dbtools.crest.swingui.logical.TVRelation" oid="D793B3B3-DF8E-CA63-EDCA-1D352F8BBF38" otype="Relation" vid_source="9CE44E86-1CAA-2A29-3DAB-A828CFF7CF47" vid_target="314589C2-53B0-EB6D-E072-9590435BD449">
<hideElementsInCurrentOnly>false</hideElementsInCurrentOnly>
<backgroundColor>-16777216</backgroundColor>
<lineWidth>1</lineWidth>
<points>
<point x="1416" y="770"/>
<point x="1532" y="770"/>
</points>
</Connector>
<Connector class="oracle.dbtools.crest.swingui.logical.TVRelation" oid="D80483D4-16AE-ABD2-8716-B73B42AD5CE8" otype="Relation" vid_source="A2348C2E-1524-F709-7177-E02E1A3152B4" vid_target="A755F97C-422B-D73D-55E7-845BFCFD46A7">
<hideElementsInCurrentOnly>false</hideElementsInCurrentOnly>
<backgroundColor>-16777216</backgroundColor>
<lineWidth>1</lineWidth>
<points>
<point x="415" y="232"/>
<point x="474" y="232"/>
</points>
</Connector>
<Connector class="oracle.dbtools.crest.swingui.logical.TVInheritanceRelation" oid="DD644FDA-5EF6-27C0-E279-7DE24C0A0EED" otype="Hierarchy relation" vid_source="A2348C2E-1524-F709-7177-E02E1A3152B4" vid_target="DE3737B0-052F-5EF2-9383-99FDD6EFF206">
<hideElementsInCurrentOnly>false</hideElementsInCurrentOnly>
<backgroundColor>-65536</backgroundColor>
<lineWidth>1</lineWidth>
</Connector>
<Connector class="oracle.dbtools.crest.swingui.logical.TVRelation" oid="F39B4FB9-3ED0-ADFA-F6F4-9BC72BED8137" otype="Relation" vid_source="3908320D-9F6D-BC24-F0C5-170D468B2EEC" vid_target="D262C0C8-0AF5-BF89-82BF-A7171F82DDF2">
<hideElementsInCurrentOnly>false</hideElementsInCurrentOnly>
<backgroundColor>-16777216</backgroundColor>
<lineWidth>1</lineWidth>
<points>
<point x="1622" y="168"/>
<point x="1499" y="168"/>
</points>
</Connector>
<Connector class="oracle.dbtools.crest.swingui.logical.TVRelation" oid="F88892E6-3CB8-FDCD-F94B-6849BC008753" otype="Relation" vid_source="4B35501A-DC85-B942-04BF-FD4EA013453F" vid_target="3AF73E4C-6CBA-9EE4-3DE1-966B176DEF76">
<hideElementsInCurrentOnly>false</hideElementsInCurrentOnly>
<backgroundColor>-16777216</backgroundColor>
<lineWidth>1</lineWidth>
<points>
<point x="413" y="830"/>
<point x="513" y="830"/>
</points>
</Connector>
<Connector class="oracle.dbtools.crest.swingui.logical.TVRelation" oid="FA0FC9A3-B280-735D-4E3E-89C9DF5FCCC6" otype="Relation" vid_source="9CE44E86-1CAA-2A29-3DAB-A828CFF7CF47" vid_target="D8FC675E-BA0B-453F-88D1-A34A1D8632DF">
<hideElementsInCurrentOnly>false</hideElementsInCurrentOnly>
<backgroundColor>-16777216</backgroundColor>
<lineWidth>1</lineWidth>
<points>
<point x="1211" y="726"/>
<point x="1049" y="502"/>
</points>
</Connector>
<Connector class="oracle.dbtools.crest.swingui.logical.TVRelation" oid="FDEC3CE4-FBF8-1394-F899-826410B2BB2D" otype="Relation" vid_source="3908320D-9F6D-BC24-F0C5-170D468B2EEC" vid_target="5C4C4B62-D45D-7C1F-C017-4D45FEFAB5A0">
<hideElementsInCurrentOnly>false</hideElementsInCurrentOnly>
<backgroundColor>-16777216</backgroundColor>
<lineWidth>1</lineWidth>
<points>
<point x="1645" y="273"/>
<point x="1645" y="361"/>
</points>
</Connector>
<Connector class="oracle.dbtools.crest.swingui.logical.TVRelation" oid="FF083ED2-420F-81C0-7E14-B0C9BB994E59" otype="Relation" vid_source="5C7FBC4D-434C-252F-6D42-0D5AE96B3480" vid_target="851C2610-AD11-BC22-0F4C-2830488BEB10">
<hideElementsInCurrentOnly>false</hideElementsInCurrentOnly>
<backgroundColor>-16777216</backgroundColor>
<lineWidth>1</lineWidth>
<points>
<point x="1247" y="522"/>
<point x="1072" y="204"/>
</points>
</Connector>
</connectors>
</Diagram>