<?xml version = '1.0' encoding = 'UTF-8'?>
<Table class="oracle.dbtools.crest.model.design.relational.Table" directorySegmentName="seg_0" id="067D8FB9-5215-97AC-F1E7-8BECF150FE65" name="Basen">
<createdBy>swide</createdBy>
<createdTime>2026-01-04 13:44:00 UTC</createdTime>
<generatorID>64049953-0FB0-6694-FB2C-20696A56FD97</generatorID>
<ownerDesignName>konceptponormalizacji</ownerDesignName>
<allowColumnReorder>false</allowColumnReorder>
<existDependencyGenerateInDDl>true</existDependencyGenerateInDDl>
<parsed>true</parsed>
<columns itemClass="oracle.dbtools.crest.model.design.relational.Column">
<Column name="ID_Usluga" id="5DD013A3-B64D-F465-5C35-1C29C8407E4C">
<createdBy>swide</createdBy>
<createdTime>2026-01-04 13:44:00 UTC</createdTime>
<generatorID>1EBD0407-2FD2-F80F-0B0C-572D369070D9</generatorID>
<ownerDesignName>konceptponormalizacji</ownerDesignName>
<useDomainConstraints>false</useDomainConstraints>
<use>1</use>
<logicalDatatype>LOGDT011</logicalDatatype>
<ownDataTypeParameters>,,</ownDataTypeParameters>
<autoIncrementCycle>false</autoIncrementCycle>
<associations>
<colAssociation fkAssociation="13F4E743-0D0C-C967-B90F-A579775AEE01" referredColumn="5A3D6627-0876-C7C7-B56C-C02128FC15A0"/>
</associations>
</Column>
<Column name="ID_Basen" id="FA016A6D-0ACC-0C22-D176-FA8952CF00D0">
<createdBy>swide</createdBy>
<createdTime>2026-01-04 13:44:00 UTC</createdTime>
<generatorID>C96D00BD-FE16-3D99-B85D-118A5C1C8B4A</generatorID>
<ownerDesignName>konceptponormalizacji</ownerDesignName>
<useDomainConstraints>false</useDomainConstraints>
<use>1</use>
<logicalDatatype>LOGDT011</logicalDatatype>
<ownDataTypeParameters>,,</ownDataTypeParameters>
<autoIncrementCycle>false</autoIncrementCycle>
</Column>
<Column name="nr_szafki" id="AE3EBE12-0B05-EA68-B62D-30966ADAE583">
<createdBy>swide</createdBy>
<createdTime>2026-01-04 13:44:00 UTC</createdTime>
<generatorID>B2B7E3F0-E8CA-A8E9-390A-3648A16C7956</generatorID>
<ownerDesignName>konceptponormalizacji</ownerDesignName>
<nullsAllowed>true</nullsAllowed>
<useDomainConstraints>false</useDomainConstraints>
<use>1</use>
<logicalDatatype>LOGDT011</logicalDatatype>
<ownDataTypeParameters>,,</ownDataTypeParameters>
<autoIncrementCycle>false</autoIncrementCycle>
</Column>
<Column name="Basen_Bilety_ID_Biletu" id="E9841860-704B-741C-2164-91CA93501570">
<createdBy>swide</createdBy>
<createdTime>2026-01-04 13:44:00 UTC</createdTime>
<generatorID>6FBDE0B7-422D-3E32-8E24-434032966C58</generatorID>
<ownerDesignName>konceptponormalizacji</ownerDesignName>
<useDomainConstraints>false</useDomainConstraints>
<use>1</use>
<logicalDatatype>LOGDT011</logicalDatatype>
<ownDataTypeParameters>,,</ownDataTypeParameters>
<previousColumn>false</previousColumn>
<autoIncrementCycle>false</autoIncrementCycle>
<associations>
<colAssociation fkAssociation="733D4B96-4A36-4721-4004-FABC16E1524A" referredColumn="44E1031F-F750-BD28-71AC-1518AF6153E9"/>
</associations>
</Column>
<Column name="data_realizacji" id="9FE12719-6D0B-AE5F-6E8A-490569B914AC">
<createdBy>swide</createdBy>
<createdTime>2026-01-04 14:02:18 UTC</createdTime>
<generatorID>C1FC77D8-328B-829C-6188-2FF7D58CC4F2</generatorID>
<ownerDesignName>konceptponormalizacji</ownerDesignName>
<nullsAllowed>true</nullsAllowed>
<useDomainConstraints>false</useDomainConstraints>
<use>1</use>
<logicalDatatype>LOGDT007</logicalDatatype>
<ownDataTypeParameters>,,</ownDataTypeParameters>
<autoIncrementCycle>false</autoIncrementCycle>
</Column>
<Column name="godzina_realizacji" id="7A452E0C-197D-6500-BA7E-85A957C9D7CA">
<createdBy>swide</createdBy>
<createdTime>2026-01-04 14:02:18 UTC</createdTime>
<generatorID>317D44C7-811E-B194-BE73-C0099ED52E78</generatorID>
<ownerDesignName>konceptponormalizacji</ownerDesignName>
<nullsAllowed>true</nullsAllowed>
<useDomainConstraints>false</useDomainConstraints>
<use>1</use>
<logicalDatatype>LOGDT014</logicalDatatype>
<ownDataTypeParameters>,,</ownDataTypeParameters>
<autoIncrementCycle>false</autoIncrementCycle>
</Column>
<Column name="kwota_brutto" id="C8F98EAD-23A5-2CEC-7602-E07FBFD20724">
<createdBy>swide</createdBy>
<createdTime>2026-01-04 14:02:18 UTC</createdTime>
<generatorID>7BE0DCEC-B7F8-CD3E-9BE7-762FB5FC46B0</generatorID>
<ownerDesignName>konceptponormalizacji</ownerDesignName>
<nullsAllowed>true</nullsAllowed>
<useDomainConstraints>false</useDomainConstraints>
<use>1</use>
<logicalDatatype>LOGDT021</logicalDatatype>
<dataTypePrecision>5</dataTypePrecision>
<dataTypeScale>2</dataTypeScale>
<ownDataTypeParameters>,5,2</ownDataTypeParameters>
<autoIncrementCycle>false</autoIncrementCycle>
</Column>
<Column name="ID_Typ_Uslugi" id="18DE14AD-B2BB-0AEF-BB0B-EBDD31276F92">
<createdBy>swide</createdBy>
<createdTime>2026-01-04 14:02:18 UTC</createdTime>
<generatorID>D29A3BC8-7DCF-A576-413F-3C32C3C4C277</generatorID>
<ownerDesignName>konceptponormalizacji</ownerDesignName>
<useDomainConstraints>false</useDomainConstraints>
<use>1</use>
<logicalDatatype>LOGDT011</logicalDatatype>
<ownDataTypeParameters>,,</ownDataTypeParameters>
<previousColumn>false</previousColumn>
<autoIncrementCycle>false</autoIncrementCycle>
</Column>
</columns>
<indexes itemClass="oracle.dbtools.crest.model.design.relational.Index">
<ind_PK_UK id="87A1F9B2-ED7A-ED23-7187-338DF28407D2" name="Basen_PK">
<createdBy>swide</createdBy>
<createdTime>2026-01-04 13:44:00 UTC</createdTime>
<generatorID>E3E2F2BE-8BD8-BF04-51BB-C5FEF5460E9B</generatorID>
<ownerDesignName>konceptponormalizacji</ownerDesignName>
<pk>true</pk>
<indexState>Primary Constraint</indexState>
<isSurrogateKey>false</isSurrogateKey>
<indexColumnUsage>
<colUsage columnID="5DD013A3-B64D-F465-5C35-1C29C8407E4C"/>
</indexColumnUsage>
</ind_PK_UK>
<ind_PK_UK id="6F052984-FB14-4CB9-DC8E-5D1B80401C1C" name="Basen_PKv1">
<createdBy>swide</createdBy>
<createdTime>2026-01-04 13:44:00 UTC</createdTime>
<generatorID>08AB570A-2CAD-6345-F90B-FAA7717B5ABA</generatorID>
<ownerDesignName>konceptponormalizacji</ownerDesignName>
<indexState>Unique Constraint</indexState>
<isSurrogateKey>false</isSurrogateKey>
<indexColumnUsage>
<colUsage columnID="FA016A6D-0ACC-0C22-D176-FA8952CF00D0"/>
</indexColumnUsage>
</ind_PK_UK>
<ind_PK_UK id="438220B7-F762-EE38-99C7-B2C4617E5618" name="Basen_Usluga_FK">
<createdBy>swide</createdBy>
<createdTime>2026-01-04 13:44:00 UTC</createdTime>
<generatorID>DD644FDA-5EF6-27C0-E279-7DE24C0A0EED</generatorID>
<ownerDesignName>konceptponormalizacji</ownerDesignName>
<indexState>Foreign Key</indexState>
<isSurrogateKey>false</isSurrogateKey>
<indexColumnUsage>
<colUsage columnID="5DD013A3-B64D-F465-5C35-1C29C8407E4C"/>
</indexColumnUsage>
</ind_PK_UK>
<ind_PK_UK id="B58355B1-809F-AFCE-DEE6-DADA66B44E1D" name="Basen_Basen_Bilety_FK">
<createdBy>swide</createdBy>
<createdTime>2026-01-04 13:44:00 UTC</createdTime>
<generatorID>640307F2-86BF-2024-8251-E3B9CF7C522B</generatorID>
<ownerDesignName>konceptponormalizacji</ownerDesignName>
<indexState>Foreign Key</indexState>
<isSurrogateKey>false</isSurrogateKey>
<indexColumnUsage>
<colUsage columnID="E9841860-704B-741C-2164-91CA93501570"/>
</indexColumnUsage>
</ind_PK_UK>
</indexes>
</Table>