<?xml version = '1.0' encoding = 'UTF-8'?>
<Table class="oracle.dbtools.crest.model.design.relational.Table" directorySegmentName="seg_0" id="1236E619-19B0-A716-3860-81CC0D551AE1" name="Usluga">
<createdBy>swide</createdBy>
<createdTime>2026-01-04 13:44:00 UTC</createdTime>
<generatorID>1995E5CD-D48E-0E16-DD70-581BC2C50AF8</generatorID>
<ownerDesignName>konceptponormalizacji</ownerDesignName>
<allowColumnReorder>false</allowColumnReorder>
<existDependencyGenerateInDDl>true</existDependencyGenerateInDDl>
<parsed>true</parsed>
<columns itemClass="oracle.dbtools.crest.model.design.relational.Column">
<Column name="ID_Usluga" id="5A3D6627-0876-C7C7-B56C-C02128FC15A0">
<createdBy>swide</createdBy>
<createdTime>2026-01-04 13:44:00 UTC</createdTime>
<generatorID>1EBD0407-2FD2-F80F-0B0C-572D369070D9</generatorID>
<ownerDesignName>konceptponormalizacji</ownerDesignName>
<useDomainConstraints>false</useDomainConstraints>
<use>1</use>
<logicalDatatype>LOGDT011</logicalDatatype>
<ownDataTypeParameters>,,</ownDataTypeParameters>
<autoIncrementCycle>false</autoIncrementCycle>
</Column>
<Column name="data_realizacji" id="86569BC3-9095-9385-8F11-0265CF39CED4">
<createdBy>swide</createdBy>
<createdTime>2026-01-04 13:44:00 UTC</createdTime>
<generatorID>C1FC77D8-328B-829C-6188-2FF7D58CC4F2</generatorID>
<ownerDesignName>konceptponormalizacji</ownerDesignName>
<nullsAllowed>true</nullsAllowed>
<useDomainConstraints>false</useDomainConstraints>
<use>1</use>
<logicalDatatype>LOGDT007</logicalDatatype>
<ownDataTypeParameters>,,</ownDataTypeParameters>
<autoIncrementCycle>false</autoIncrementCycle>
</Column>
<Column name="godzina_realizacji" id="978D00DE-B2FE-3F41-65C5-FF7D555EC0F4">
<createdBy>swide</createdBy>
<createdTime>2026-01-04 13:44:00 UTC</createdTime>
<generatorID>317D44C7-811E-B194-BE73-C0099ED52E78</generatorID>
<ownerDesignName>konceptponormalizacji</ownerDesignName>
<nullsAllowed>true</nullsAllowed>
<useDomainConstraints>false</useDomainConstraints>
<use>1</use>
<logicalDatatype>LOGDT014</logicalDatatype>
<ownDataTypeParameters>,,</ownDataTypeParameters>
<autoIncrementCycle>false</autoIncrementCycle>
</Column>
<Column name="kwota_brutto" id="6EFEBB7E-8E28-5D5F-35DE-3147095A8C89">
<createdBy>swide</createdBy>
<createdTime>2026-01-04 13:44:00 UTC</createdTime>
<generatorID>7BE0DCEC-B7F8-CD3E-9BE7-762FB5FC46B0</generatorID>
<ownerDesignName>konceptponormalizacji</ownerDesignName>
<nullsAllowed>true</nullsAllowed>
<useDomainConstraints>false</useDomainConstraints>
<use>1</use>
<logicalDatatype>LOGDT021</logicalDatatype>
<dataTypePrecision>5</dataTypePrecision>
<dataTypeScale>2</dataTypeScale>
<ownDataTypeParameters>,5,2</ownDataTypeParameters>
<autoIncrementCycle>false</autoIncrementCycle>
</Column>
<Column name="Typ_Uslugi_ID_Typ_Uslugi" id="D7F9BBE2-9E5E-FDBD-327E-3E05F8EE6A9A">
<createdBy>swide</createdBy>
<createdTime>2026-01-04 13:44:00 UTC</createdTime>
<generatorID>D29A3BC8-7DCF-A576-413F-3C32C3C4C277</generatorID>
<ownerDesignName>konceptponormalizacji</ownerDesignName>
<useDomainConstraints>false</useDomainConstraints>
<use>1</use>
<logicalDatatype>LOGDT011</logicalDatatype>
<ownDataTypeParameters>,,</ownDataTypeParameters>
<previousColumn>false</previousColumn>
<autoIncrementCycle>false</autoIncrementCycle>
<associations>
<colAssociation fkAssociation="0B699763-180C-5D81-203D-7CCC4EEB06A9" referredColumn="FF147967-5E41-EB9A-8BDD-84D1A035D60A"/>
</associations>
</Column>
<Column name="Usluga_TYPE" id="3011690D-6D82-7729-62C6-9B66B24CAC7A">
<createdBy>swide</createdBy>
<createdTime>2026-01-04 13:44:00 UTC</createdTime>
<ownerDesignName>konceptponormalizacji</ownerDesignName>
<constraintName>CH_INH_Usluga</constraintName>
<useDomainConstraints>false</useDomainConstraints>
<use>1</use>
<logicalDatatype>LOGDT024</logicalDatatype>
<dataTypeSize>6</dataTypeSize>
<listOfValues>
<valueDef value="BAS" description="entity Basen"/>
<valueDef value="RES" description="entity Restauracja"/>
<valueDef value="Usluga" description="entity Usluga"/>
</listOfValues>
<ownDataTypeParameters>6,,</ownDataTypeParameters>
<autoIncrementCycle>false</autoIncrementCycle>
<isDiscriminatorColumn>true</isDiscriminatorColumn>
</Column>
</columns>
<indexes itemClass="oracle.dbtools.crest.model.design.relational.Index">
<ind_PK_UK id="D98070D3-86FE-8B84-C647-200B885B2FC2" name="Usluga_PK">
<createdBy>swide</createdBy>
<createdTime>2026-01-04 13:44:00 UTC</createdTime>
<generatorID>E3E2F2BE-8BD8-BF04-51BB-C5FEF5460E9B</generatorID>
<ownerDesignName>konceptponormalizacji</ownerDesignName>
<pk>true</pk>
<indexState>Primary Constraint</indexState>
<isSurrogateKey>false</isSurrogateKey>
<indexColumnUsage>
<colUsage columnID="5A3D6627-0876-C7C7-B56C-C02128FC15A0"/>
</indexColumnUsage>
</ind_PK_UK>
<ind_PK_UK id="C308760F-ACCA-F241-91BB-5EFF73CE643A" name="Usluga_Typ_Uslugi_FK">
<createdBy>swide</createdBy>
<createdTime>2026-01-04 13:44:00 UTC</createdTime>
<generatorID>3CFFF9B2-E037-B81A-F640-9E1D1D1327BC</generatorID>
<ownerDesignName>konceptponormalizacji</ownerDesignName>
<indexState>Foreign Key</indexState>
<isSurrogateKey>false</isSurrogateKey>
<indexColumnUsage>
<colUsage columnID="D7F9BBE2-9E5E-FDBD-327E-3E05F8EE6A9A"/>
</indexColumnUsage>
</ind_PK_UK>
</indexes>
</Table>