<?xml version = '1.0' encoding = 'UTF-8'?>
<Table class="oracle.dbtools.crest.model.design.relational.Table" directorySegmentName="seg_0" id="14679146-0E80-A8BE-F951-DA9EBCD440F4" name="Kaucje">
<createdBy>swide</createdBy>
<createdTime>2026-01-04 13:44:00 UTC</createdTime>
<generatorID>4CE0FD7C-E451-DF63-5082-2532FE2CE298</generatorID>
<ownerDesignName>konceptponormalizacji</ownerDesignName>
<allowColumnReorder>false</allowColumnReorder>
<existDependencyGenerateInDDl>true</existDependencyGenerateInDDl>
<parsed>true</parsed>
<columns itemClass="oracle.dbtools.crest.model.design.relational.Column">
<Column name="ID_Kaucji" id="139F6BEF-5B24-D7F9-1988-62369523FB3B">
<createdBy>swide</createdBy>
<createdTime>2026-01-04 13:44:00 UTC</createdTime>
<generatorID>0017A4C1-EE77-B40D-32F1-4E58F5C2FDE5</generatorID>
<ownerDesignName>konceptponormalizacji</ownerDesignName>
<useDomainConstraints>false</useDomainConstraints>
<use>1</use>
<logicalDatatype>LOGDT011</logicalDatatype>
<ownDataTypeParameters>,,</ownDataTypeParameters>
<autoIncrementCycle>false</autoIncrementCycle>
</Column>
<Column name="Kwota" id="253930B6-9DDC-58FA-93E5-7E73CD9167E8">
<createdBy>swide</createdBy>
<createdTime>2026-01-04 13:44:00 UTC</createdTime>
<generatorID>DCFDE24C-F355-5DA9-7ED6-EA2805519087</generatorID>
<ownerDesignName>konceptponormalizacji</ownerDesignName>
<nullsAllowed>true</nullsAllowed>
<useDomainConstraints>false</useDomainConstraints>
<use>1</use>
<logicalDatatype>LOGDT011</logicalDatatype>
<ownDataTypeParameters>,,</ownDataTypeParameters>
<autoIncrementCycle>false</autoIncrementCycle>
</Column>
<Column name="Data_pobrania" id="FF725611-5C8F-3A7A-45C0-1ECD2790CDDA">
<createdBy>swide</createdBy>
<createdTime>2026-01-04 13:44:00 UTC</createdTime>
<generatorID>237167DF-1182-0EFF-00D9-87F2B65E7328</generatorID>
<ownerDesignName>konceptponormalizacji</ownerDesignName>
<nullsAllowed>true</nullsAllowed>
<useDomainConstraints>false</useDomainConstraints>
<use>1</use>
<logicalDatatype>LOGDT008</logicalDatatype>
<ownDataTypeParameters>,,</ownDataTypeParameters>
<autoIncrementCycle>false</autoIncrementCycle>
</Column>
<Column name="Data_zwrotu" id="9865316B-DF15-5921-8406-3B29F68AEDB2">
<createdBy>swide</createdBy>
<createdTime>2026-01-04 13:44:00 UTC</createdTime>
<generatorID>2B888C00-D82C-74FE-8956-226CF071E9CF</generatorID>
<ownerDesignName>konceptponormalizacji</ownerDesignName>
<nullsAllowed>true</nullsAllowed>
<useDomainConstraints>false</useDomainConstraints>
<use>1</use>
<logicalDatatype>LOGDT008</logicalDatatype>
<ownDataTypeParameters>,,</ownDataTypeParameters>
<autoIncrementCycle>false</autoIncrementCycle>
</Column>
<Column name="Rezerwacje_ID_Rezerwacji" id="4D015C83-ED14-E9D9-9174-5FC043AB4D1F">
<createdBy>swide</createdBy>
<createdTime>2026-01-04 13:44:00 UTC</createdTime>
<generatorID>A599FD33-1FE6-0D2A-EB8B-45F7122D9DD4</generatorID>
<ownerDesignName>konceptponormalizacji</ownerDesignName>
<useDomainConstraints>false</useDomainConstraints>
<use>1</use>
<logicalDatatype>LOGDT011</logicalDatatype>
<ownDataTypeParameters>,,</ownDataTypeParameters>
<previousColumn>false</previousColumn>
<autoIncrementCycle>false</autoIncrementCycle>
<associations>
<colAssociation fkAssociation="C46D23B9-A337-7D0E-D716-0A0B1BE18D25" referredColumn="44B9272A-8975-19E3-B7BB-79C9E57A5E56"/>
</associations>
</Column>
<Column name="Status_Kaucji_ID_Statusu_Kaucji" id="26D20AC6-42F4-BC0E-B092-64D80E96201D">
<createdBy>swide</createdBy>
<createdTime>2026-01-04 13:44:00 UTC</createdTime>
<generatorID>981CFC56-7533-1E54-0AFB-299BC03D5F0B</generatorID>
<ownerDesignName>konceptponormalizacji</ownerDesignName>
<useDomainConstraints>false</useDomainConstraints>
<use>1</use>
<logicalDatatype>LOGDT011</logicalDatatype>
<ownDataTypeParameters>,,</ownDataTypeParameters>
<previousColumn>false</previousColumn>
<autoIncrementCycle>false</autoIncrementCycle>
<associations>
<colAssociation fkAssociation="B29BBD4D-907C-6422-075F-3B6893C566B2" referredColumn="7619CBA0-AAE9-45DC-80BC-5EFA3EAE5923"/>
</associations>
</Column>
</columns>
<indexes itemClass="oracle.dbtools.crest.model.design.relational.Index">
<ind_PK_UK id="67E1D390-12D6-D276-BD22-3EF2FE94DBDC" name="Kaucje_PK">
<createdBy>swide</createdBy>
<createdTime>2026-01-04 13:44:00 UTC</createdTime>
<generatorID>732C76C2-3A56-3585-9955-5260EB370CCD</generatorID>
<ownerDesignName>konceptponormalizacji</ownerDesignName>
<pk>true</pk>
<indexState>Primary Constraint</indexState>
<isSurrogateKey>false</isSurrogateKey>
<indexColumnUsage>
<colUsage columnID="139F6BEF-5B24-D7F9-1988-62369523FB3B"/>
</indexColumnUsage>
</ind_PK_UK>
<ind_PK_UK id="32666DD5-0E10-D9BF-5784-14A75ACAA603" name="Kaucje__IDX">
<createdBy>swide</createdBy>
<createdTime>2026-01-04 13:44:00 UTC</createdTime>
<ownerDesignName>konceptponormalizacji</ownerDesignName>
<indexState>Unique Plain Index</indexState>
<isSurrogateKey>false</isSurrogateKey>
<relationGeneratorID>D793B3B3-DF8E-CA63-EDCA-1D352F8BBF38</relationGeneratorID>
<indexColumnUsage>
<colUsage columnID="4D015C83-ED14-E9D9-9174-5FC043AB4D1F"/>
</indexColumnUsage>
</ind_PK_UK>
<ind_PK_UK id="F001CEDF-7E60-BA06-C16A-5718FE233B4C" name="Kaucje_Status_Kaucji_FK">
<createdBy>swide</createdBy>
<createdTime>2026-01-04 13:44:00 UTC</createdTime>
<generatorID>94E1D063-BE9F-45B0-7BB8-3EBF537F4C3F</generatorID>
<ownerDesignName>konceptponormalizacji</ownerDesignName>
<indexState>Foreign Key</indexState>
<isSurrogateKey>false</isSurrogateKey>
<indexColumnUsage>
<colUsage columnID="26D20AC6-42F4-BC0E-B092-64D80E96201D"/>
</indexColumnUsage>
</ind_PK_UK>
<ind_PK_UK id="F2F10DB7-DEC4-30D0-A857-5CC257733A24" name="Kaucje_Rezerwacje_FK">
<createdBy>swide</createdBy>
<createdTime>2026-01-04 14:02:18 UTC</createdTime>
<generatorID>D793B3B3-DF8E-CA63-EDCA-1D352F8BBF38</generatorID>
<ownerDesignName>konceptponormalizacji</ownerDesignName>
<indexState>Foreign Key</indexState>
<isSurrogateKey>false</isSurrogateKey>
<indexColumnUsage>
<colUsage columnID="4D015C83-ED14-E9D9-9174-5FC043AB4D1F"/>
</indexColumnUsage>
</ind_PK_UK>
</indexes>
</Table>