<?xml version = '1.0' encoding = 'UTF-8'?>
<Table class="oracle.dbtools.crest.model.design.relational.Table" directorySegmentName="seg_0" id="1D53A060-B233-5784-520E-5663E264A1D9" name="Kategoria_pokoju">
<createdBy>swide</createdBy>
<createdTime>2026-01-04 13:44:00 UTC</createdTime>
<generatorID>1F8A49B3-82C5-DDC0-AB8E-23D612EA6246</generatorID>
<ownerDesignName>konceptponormalizacji</ownerDesignName>
<allowColumnReorder>false</allowColumnReorder>
<existDependencyGenerateInDDl>true</existDependencyGenerateInDDl>
<parsed>true</parsed>
<columns itemClass="oracle.dbtools.crest.model.design.relational.Column">
<Column name="ID_kategorii" id="FCD8C6B0-CA8D-FAA9-8023-60054CC9F1A3">
<createdBy>swide</createdBy>
<createdTime>2026-01-04 13:44:00 UTC</createdTime>
<generatorID>1C6E17EA-40D2-5FF1-9E7C-EAA83802B094</generatorID>
<ownerDesignName>konceptponormalizacji</ownerDesignName>
<useDomainConstraints>false</useDomainConstraints>
<use>1</use>
<logicalDatatype>LOGDT011</logicalDatatype>
<ownDataTypeParameters>,,</ownDataTypeParameters>
<autoIncrementCycle>false</autoIncrementCycle>
</Column>
<Column name="Nazwa" id="51FC28B7-C5CC-C08A-BBA6-6AF35D463A38">
<createdBy>swide</createdBy>
<createdTime>2026-01-04 13:44:00 UTC</createdTime>
<generatorID>AF1013F6-F354-1642-E4C4-7DFF806D2A42</generatorID>
<ownerDesignName>konceptponormalizacji</ownerDesignName>
<nullsAllowed>true</nullsAllowed>
<useDomainConstraints>false</useDomainConstraints>
<use>1</use>
<logicalDatatype>LOGDT024</logicalDatatype>
<dataTypeSize>50 CHAR</dataTypeSize>
<ownDataTypeParameters>50 CHAR,,</ownDataTypeParameters>
<autoIncrementCycle>false</autoIncrementCycle>
</Column>
<Column name="Cena_bazowa" id="68630E7A-9DEF-7CAB-2092-ECA4D9E6191B">
<createdBy>swide</createdBy>
<createdTime>2026-01-04 13:44:00 UTC</createdTime>
<generatorID>D9B0D482-5890-F4B8-72F9-62E0B2C819AC</generatorID>
<ownerDesignName>konceptponormalizacji</ownerDesignName>
<nullsAllowed>true</nullsAllowed>
<useDomainConstraints>false</useDomainConstraints>
<use>1</use>
<logicalDatatype>LOGDT011</logicalDatatype>
<ownDataTypeParameters>,,</ownDataTypeParameters>
<autoIncrementCycle>false</autoIncrementCycle>
</Column>
<Column name="Opis" id="653A9D5B-2AD7-4546-AA7F-9822BE8ABE82">
<createdBy>swide</createdBy>
<createdTime>2026-01-04 13:44:00 UTC</createdTime>
<generatorID>E843841C-EE40-65F5-FB5B-C8BFD27909A6</generatorID>
<ownerDesignName>konceptponormalizacji</ownerDesignName>
<nullsAllowed>true</nullsAllowed>
<useDomainConstraints>false</useDomainConstraints>
<use>1</use>
<logicalDatatype>LOGDT024</logicalDatatype>
<dataTypeSize>100 CHAR</dataTypeSize>
<ownDataTypeParameters>100 CHAR,,</ownDataTypeParameters>
<autoIncrementCycle>false</autoIncrementCycle>
</Column>
</columns>
<indexes itemClass="oracle.dbtools.crest.model.design.relational.Index">
<ind_PK_UK id="359D7E95-4CD7-3034-549C-74365F9F4F95" name="Kategoria_pokoju_PK">
<createdBy>swide</createdBy>
<createdTime>2026-01-04 13:44:00 UTC</createdTime>
<generatorID>87E550FF-CA4D-0E38-FA38-94AD869154F2</generatorID>
<ownerDesignName>konceptponormalizacji</ownerDesignName>
<pk>true</pk>
<indexState>Primary Constraint</indexState>
<isSurrogateKey>false</isSurrogateKey>
<indexColumnUsage>
<colUsage columnID="FCD8C6B0-CA8D-FAA9-8023-60054CC9F1A3"/>
</indexColumnUsage>
</ind_PK_UK>
</indexes>
</Table>