<?xml version = '1.0' encoding = 'UTF-8'?>
<Table class="oracle.dbtools.crest.model.design.relational.Table" directorySegmentName="seg_0" id="21F3A051-BD29-11DF-8DF4-E079CB158A7B" name="Sprzatanie">
<createdBy>swide</createdBy>
<createdTime>2026-01-04 13:44:00 UTC</createdTime>
<generatorID>354C05AB-0988-82F5-AEDB-4F5B807F4ACD</generatorID>
<ownerDesignName>konceptponormalizacji</ownerDesignName>
<allowColumnReorder>false</allowColumnReorder>
<existDependencyGenerateInDDl>true</existDependencyGenerateInDDl>
<parsed>true</parsed>
<columns itemClass="oracle.dbtools.crest.model.design.relational.Column">
<Column name="ID_sprzatania" id="8061D868-1B87-9BE2-F721-3911095D18C3">
<createdBy>swide</createdBy>
<createdTime>2026-01-04 13:44:00 UTC</createdTime>
<generatorID>24168A7C-1A68-DBD3-4AE6-CBFA0558D8E4</generatorID>
<ownerDesignName>konceptponormalizacji</ownerDesignName>
<useDomainConstraints>false</useDomainConstraints>
<use>1</use>
<logicalDatatype>LOGDT011</logicalDatatype>
<ownDataTypeParameters>,,</ownDataTypeParameters>
<autoIncrementCycle>false</autoIncrementCycle>
</Column>
<Column name="Data_sprzatania" id="BCD981D6-0062-ADF3-8586-F01870D7E417">
<createdBy>swide</createdBy>
<createdTime>2026-01-04 13:44:00 UTC</createdTime>
<generatorID>405F9B43-8AB9-DA87-6A67-5D8466F7A60A</generatorID>
<ownerDesignName>konceptponormalizacji</ownerDesignName>
<nullsAllowed>true</nullsAllowed>
<useDomainConstraints>false</useDomainConstraints>
<use>1</use>
<logicalDatatype>LOGDT008</logicalDatatype>
<ownDataTypeParameters>,,</ownDataTypeParameters>
<autoIncrementCycle>false</autoIncrementCycle>
</Column>
<Column name="Pokoje_ID_Pokoju" id="797B06C9-3843-8E1C-EE1F-2791E132E1D8">
<createdBy>swide</createdBy>
<createdTime>2026-01-04 13:44:00 UTC</createdTime>
<generatorID>FC8935CD-98DB-3DAA-CD98-8FBFF369AA3C</generatorID>
<ownerDesignName>konceptponormalizacji</ownerDesignName>
<useDomainConstraints>false</useDomainConstraints>
<use>1</use>
<logicalDatatype>LOGDT011</logicalDatatype>
<ownDataTypeParameters>,,</ownDataTypeParameters>
<previousColumn>false</previousColumn>
<autoIncrementCycle>false</autoIncrementCycle>
<associations>
<colAssociation fkAssociation="A2B1793B-6FB5-DCB1-A080-824C2B8481C1" referredColumn="FE1DC2E1-13D3-5E10-3B95-DF971996F999"/>
</associations>
</Column>
<Column name="Pracownicy_ID_Pracownika" id="65DCFEF5-3B99-4A6E-195A-F8119ACADA73">
<createdBy>swide</createdBy>
<createdTime>2026-01-04 13:44:00 UTC</createdTime>
<generatorID>9D52477B-FB08-3238-B754-88FEFE105023</generatorID>
<ownerDesignName>konceptponormalizacji</ownerDesignName>
<useDomainConstraints>false</useDomainConstraints>
<use>1</use>
<logicalDatatype>LOGDT011</logicalDatatype>
<ownDataTypeParameters>,,</ownDataTypeParameters>
<previousColumn>false</previousColumn>
<autoIncrementCycle>false</autoIncrementCycle>
<associations>
<colAssociation fkAssociation="09FE4A6B-25AC-9145-2726-83BF161329BC" referredColumn="A4FC8023-B64D-304F-5EAF-5A2E10271D7B"/>
</associations>
</Column>
<Column name="Uwagi" id="4FABD6E2-C2B0-64D6-6467-FD65EDC79F24">
<createdBy>swide</createdBy>
<createdTime>2026-01-04 13:44:00 UTC</createdTime>
<generatorID>B853EA73-E23C-DE4B-956B-C281C24A5067</generatorID>
<ownerDesignName>konceptponormalizacji</ownerDesignName>
<nullsAllowed>true</nullsAllowed>
<useDomainConstraints>false</useDomainConstraints>
<use>1</use>
<logicalDatatype>LOGDT024</logicalDatatype>
<dataTypeSize>255 CHAR</dataTypeSize>
<ownDataTypeParameters>255 CHAR,,</ownDataTypeParameters>
<autoIncrementCycle>false</autoIncrementCycle>
</Column>
<Column name="Status_sprzatania_ID_Statusu_sprzatania" id="ED482133-BD84-61ED-38DA-85059BCCDE32">
<createdBy>swide</createdBy>
<createdTime>2026-01-04 14:01:44 UTC</createdTime>
<generatorID>D3501B49-53B1-0CCE-3F07-75BFD87BCB7F</generatorID>
<ownerDesignName>konceptponormalizacji</ownerDesignName>
<useDomainConstraints>false</useDomainConstraints>
<use>1</use>
<logicalDatatype>LOGDT011</logicalDatatype>
<ownDataTypeParameters>,,</ownDataTypeParameters>
<previousColumn>false</previousColumn>
<autoIncrementCycle>false</autoIncrementCycle>
<associations>
<colAssociation fkAssociation="66665266-50C7-CB28-D6B2-A59E00C1D8B6" referredColumn="E2B43616-8739-A10A-F4AB-9DE38087A447"/>
</associations>
</Column>
<Column name="Typ_sprzatania_ID_Typu_sprzatania" id="E1216352-AC4A-83F0-5CBA-4256C189D0EF">
<createdBy>swide</createdBy>
<createdTime>2026-01-04 14:01:44 UTC</createdTime>
<generatorID>F011B6F0-BFE8-D363-97C9-0B0C5001C4A1</generatorID>
<ownerDesignName>konceptponormalizacji</ownerDesignName>
<useDomainConstraints>false</useDomainConstraints>
<use>1</use>
<logicalDatatype>LOGDT011</logicalDatatype>
<ownDataTypeParameters>,,</ownDataTypeParameters>
<previousColumn>false</previousColumn>
<autoIncrementCycle>false</autoIncrementCycle>
<associations>
<colAssociation fkAssociation="16DB85CE-6DC8-1099-C9E2-21A04CF1AE84" referredColumn="0837E0CE-F897-08FD-1DE3-99CD2BAF38AA"/>
</associations>
</Column>
</columns>
<indexes itemClass="oracle.dbtools.crest.model.design.relational.Index">
<ind_PK_UK id="10D82AC9-B732-76D5-D157-9412A6FDBB73" name="Sprzatanie_PK">
<createdBy>swide</createdBy>
<createdTime>2026-01-04 13:44:00 UTC</createdTime>
<generatorID>25830275-D26A-E511-D078-4CD8B0AB2B9B</generatorID>
<ownerDesignName>konceptponormalizacji</ownerDesignName>
<pk>true</pk>
<indexState>Primary Constraint</indexState>
<isSurrogateKey>false</isSurrogateKey>
<indexColumnUsage>
<colUsage columnID="8061D868-1B87-9BE2-F721-3911095D18C3"/>
</indexColumnUsage>
</ind_PK_UK>
<ind_PK_UK id="B4B4ACD5-3CA3-DE5C-D7D5-439A967AFC0E" name="Sprzatanie_Pokoje_FK">
<createdBy>swide</createdBy>
<createdTime>2026-01-04 13:44:00 UTC</createdTime>
<generatorID>C40C3251-DF96-F942-C110-9B15BE81CB9B</generatorID>
<ownerDesignName>konceptponormalizacji</ownerDesignName>
<indexState>Foreign Key</indexState>
<isSurrogateKey>false</isSurrogateKey>
<indexColumnUsage>
<colUsage columnID="797B06C9-3843-8E1C-EE1F-2791E132E1D8"/>
</indexColumnUsage>
</ind_PK_UK>
<ind_PK_UK id="9365EBDE-CE3C-0970-E00F-C0AC3F376317" name="Sprzatanie_Pracownicy_FK">
<createdBy>swide</createdBy>
<createdTime>2026-01-04 13:44:00 UTC</createdTime>
<generatorID>F39B4FB9-3ED0-ADFA-F6F4-9BC72BED8137</generatorID>
<ownerDesignName>konceptponormalizacji</ownerDesignName>
<indexState>Foreign Key</indexState>
<isSurrogateKey>false</isSurrogateKey>
<indexColumnUsage>
<colUsage columnID="65DCFEF5-3B99-4A6E-195A-F8119ACADA73"/>
</indexColumnUsage>
</ind_PK_UK>
<ind_PK_UK id="29BC3384-4378-1AB6-FA0F-14EDC6297E5F" name="Sprzatanie_Status_sprzatania_FK">
<createdBy>swide</createdBy>
<createdTime>2026-01-04 14:01:45 UTC</createdTime>
<generatorID>10FC8C74-61B4-0C5E-9A9E-2F9C5AEE4C5D</generatorID>
<ownerDesignName>konceptponormalizacji</ownerDesignName>
<indexState>Foreign Key</indexState>
<isSurrogateKey>false</isSurrogateKey>
<indexColumnUsage>
<colUsage columnID="ED482133-BD84-61ED-38DA-85059BCCDE32"/>
</indexColumnUsage>
</ind_PK_UK>
<ind_PK_UK id="2819E0A8-8149-807A-4AAF-963C3E63D622" name="Sprzatanie_Typ_sprzatania_FK">
<createdBy>swide</createdBy>
<createdTime>2026-01-04 14:01:45 UTC</createdTime>
<generatorID>CA21C36E-E9DC-438F-B521-5BD4853C5044</generatorID>
<ownerDesignName>konceptponormalizacji</ownerDesignName>
<indexState>Foreign Key</indexState>
<isSurrogateKey>false</isSurrogateKey>
<indexColumnUsage>
<colUsage columnID="E1216352-AC4A-83F0-5CBA-4256C189D0EF"/>
</indexColumnUsage>
</ind_PK_UK>
</indexes>
</Table>