<?xml version = '1.0' encoding = 'UTF-8'?>
<Table class="oracle.dbtools.crest.model.design.relational.Table" directorySegmentName="seg_0" id="295D1308-FC14-9F24-A1D6-F65F98A55274" name="Status_naprawy">
<createdBy>swide</createdBy>
<createdTime>2026-01-04 13:44:00 UTC</createdTime>
<generatorID>550C0563-6DB6-3E89-AB05-391C43565F9B</generatorID>
<ownerDesignName>konceptponormalizacji</ownerDesignName>
<allowColumnReorder>false</allowColumnReorder>
<existDependencyGenerateInDDl>true</existDependencyGenerateInDDl>
<parsed>true</parsed>
<columns itemClass="oracle.dbtools.crest.model.design.relational.Column">
<Column name="ID_statusu_naprawy" id="07C3C5C7-2A97-72E4-0D93-21D8BADC0A6E">
<createdBy>swide</createdBy>
<createdTime>2026-01-04 13:44:00 UTC</createdTime>
<generatorID>EC91E4C2-2AB0-F243-6C60-36406070E3EA</generatorID>
<ownerDesignName>konceptponormalizacji</ownerDesignName>
<useDomainConstraints>false</useDomainConstraints>
<use>1</use>
<logicalDatatype>LOGDT011</logicalDatatype>
<ownDataTypeParameters>,,</ownDataTypeParameters>
<autoIncrementCycle>false</autoIncrementCycle>
</Column>
<Column name="Status_naprawy" id="84914889-2796-BE34-3D10-4772BF28ACF2">
<createdBy>swide</createdBy>
<createdTime>2026-01-04 13:44:00 UTC</createdTime>
<generatorID>70E83CD4-0390-42F7-4A79-565852994B03</generatorID>
<ownerDesignName>konceptponormalizacji</ownerDesignName>
<nullsAllowed>true</nullsAllowed>
<useDomainConstraints>false</useDomainConstraints>
<use>1</use>
<logicalDatatype>LOGDT024</logicalDatatype>
<dataTypeSize>32 CHAR</dataTypeSize>
<ownDataTypeParameters>32 CHAR,,</ownDataTypeParameters>
<autoIncrementCycle>false</autoIncrementCycle>
</Column>
</columns>
<indexes itemClass="oracle.dbtools.crest.model.design.relational.Index">
<ind_PK_UK id="784E74E3-9D62-D860-6119-3FDAB052D815" name="Status_naprawy_PK">
<createdBy>swide</createdBy>
<createdTime>2026-01-04 13:44:00 UTC</createdTime>
<generatorID>8466FC16-B43C-1749-7C20-3F0656432907</generatorID>
<ownerDesignName>konceptponormalizacji</ownerDesignName>
<pk>true</pk>
<indexState>Primary Constraint</indexState>
<isSurrogateKey>false</isSurrogateKey>
<indexColumnUsage>
<colUsage columnID="07C3C5C7-2A97-72E4-0D93-21D8BADC0A6E"/>
</indexColumnUsage>
</ind_PK_UK>
</indexes>
</Table>