<?xml version = '1.0' encoding = 'UTF-8'?>
<Table class="oracle.dbtools.crest.model.design.relational.Table" directorySegmentName="seg_0" id="5DCBE726-FF39-0CB9-5BBE-0C555D0865EE" name="Karta_pobytu">
<createdBy>swide</createdBy>
<createdTime>2026-01-04 13:44:00 UTC</createdTime>
<generatorID>E03526B6-0E5E-49FF-BFC9-3D0733A047B1</generatorID>
<ownerDesignName>konceptponormalizacji</ownerDesignName>
<allowColumnReorder>false</allowColumnReorder>
<existDependencyGenerateInDDl>true</existDependencyGenerateInDDl>
<parsed>true</parsed>
<columns itemClass="oracle.dbtools.crest.model.design.relational.Column">
<Column name="ID_karty" id="726FA36D-03CB-FB2D-0425-3B47E03A39DA">
<createdBy>swide</createdBy>
<createdTime>2026-01-04 13:44:00 UTC</createdTime>
<generatorID>F177B98C-11D5-C4DF-F2CE-518DF1C03607</generatorID>
<ownerDesignName>konceptponormalizacji</ownerDesignName>
<useDomainConstraints>false</useDomainConstraints>
<use>1</use>
<logicalDatatype>LOGDT011</logicalDatatype>
<ownDataTypeParameters>,,</ownDataTypeParameters>
<autoIncrementCycle>false</autoIncrementCycle>
</Column>
<Column name="Przydzielenia_ID_przydzielenia" id="5C51C770-4A6B-E891-30E9-E70BD6667512">
<createdBy>swide</createdBy>
<createdTime>2026-01-04 13:44:00 UTC</createdTime>
<generatorID>77892702-7D73-E70B-AAA4-3979C9DD75E2</generatorID>
<ownerDesignName>konceptponormalizacji</ownerDesignName>
<nullsAllowed>true</nullsAllowed>
<useDomainConstraints>false</useDomainConstraints>
<use>1</use>
<logicalDatatype>LOGDT011</logicalDatatype>
<ownDataTypeParameters>,,</ownDataTypeParameters>
<previousColumn>false</previousColumn>
<autoIncrementCycle>false</autoIncrementCycle>
<associations>
<colAssociation fkAssociation="056C00EB-46BC-84AD-D7AD-F3F57DBAB61C" referredColumn="27CF3E0A-F34C-FD95-4217-7097A985F89D"/>
</associations>
</Column>
<Column name="Saldo" id="1EBED7AA-99C7-9EA9-22FA-22FC660387A2">
<createdBy>swide</createdBy>
<createdTime>2026-01-04 13:44:00 UTC</createdTime>
<generatorID>E91D5E8C-3D61-7D6D-5A8F-77E8343A409C</generatorID>
<ownerDesignName>konceptponormalizacji</ownerDesignName>
<nullsAllowed>true</nullsAllowed>
<useDomainConstraints>false</useDomainConstraints>
<use>1</use>
<logicalDatatype>LOGDT019</logicalDatatype>
<dataTypePrecision>10</dataTypePrecision>
<dataTypeScale>2</dataTypeScale>
<ownDataTypeParameters>,10,2</ownDataTypeParameters>
<autoIncrementCycle>false</autoIncrementCycle>
</Column>
<Column name="Limit_kredytowy" id="0257FBA0-697D-FDCB-582C-F1AF78807464">
<createdBy>swide</createdBy>
<createdTime>2026-01-04 13:44:00 UTC</createdTime>
<generatorID>42DAE79F-10E9-0F19-BA57-6BD795E7B980</generatorID>
<ownerDesignName>konceptponormalizacji</ownerDesignName>
<nullsAllowed>true</nullsAllowed>
<useDomainConstraints>false</useDomainConstraints>
<use>1</use>
<logicalDatatype>LOGDT026</logicalDatatype>
<dataTypePrecision>10</dataTypePrecision>
<dataTypeScale>2</dataTypeScale>
<ownDataTypeParameters>,10,2</ownDataTypeParameters>
<autoIncrementCycle>false</autoIncrementCycle>
</Column>
<Column name="Czy_aktywna" id="7AA2024A-6F3F-E1BC-B24B-ECF553270C44">
<createdBy>swide</createdBy>
<createdTime>2026-01-04 13:44:00 UTC</createdTime>
<generatorID>8F554103-BDEB-E279-469B-47A02ACF2528</generatorID>
<ownerDesignName>konceptponormalizacji</ownerDesignName>
<nullsAllowed>true</nullsAllowed>
<useDomainConstraints>false</useDomainConstraints>
<use>1</use>
<logicalDatatype>LOGDT024</logicalDatatype>
<dataTypeSize>16 CHAR</dataTypeSize>
<ownDataTypeParameters>16 CHAR,,</ownDataTypeParameters>
<autoIncrementCycle>false</autoIncrementCycle>
</Column>
</columns>
<indexes itemClass="oracle.dbtools.crest.model.design.relational.Index">
<ind_PK_UK id="89082A1B-4675-797A-F02A-BAE6EEACFDED" name="Karta_pobytu_PK">
<createdBy>swide</createdBy>
<createdTime>2026-01-04 13:44:00 UTC</createdTime>
<generatorID>F26B6FAD-3679-606D-DD2F-7CD95B348A5B</generatorID>
<ownerDesignName>konceptponormalizacji</ownerDesignName>
<pk>true</pk>
<indexState>Primary Constraint</indexState>
<isSurrogateKey>false</isSurrogateKey>
<indexColumnUsage>
<colUsage columnID="726FA36D-03CB-FB2D-0425-3B47E03A39DA"/>
</indexColumnUsage>
</ind_PK_UK>
<ind_PK_UK id="46F7E95B-89F7-FDA1-AF66-426B43DD4B1D" name="Karta_pobytu_Przydzielenia_FK">
<createdBy>swide</createdBy>
<createdTime>2026-01-04 13:44:00 UTC</createdTime>
<generatorID>90B61B5F-3A9D-EF60-87D3-B20B866053AD</generatorID>
<ownerDesignName>konceptponormalizacji</ownerDesignName>
<indexState>Foreign Key</indexState>
<isSurrogateKey>false</isSurrogateKey>
<indexColumnUsage>
<colUsage columnID="5C51C770-4A6B-E891-30E9-E70BD6667512"/>
</indexColumnUsage>
</ind_PK_UK>
</indexes>
</Table>