<?xml version = '1.0' encoding = 'UTF-8'?>
<Table class="oracle.dbtools.crest.model.design.relational.Table" directorySegmentName="seg_0" id="6DD44DEB-0D3B-46B5-3AB7-8F07CA38DD59" name="Dowody_platnosci">
<createdBy>swide</createdBy>
<createdTime>2026-01-04 13:44:00 UTC</createdTime>
<generatorID>10C5D019-534D-3321-E47B-0B45E73E83CB</generatorID>
<ownerDesignName>konceptponormalizacji</ownerDesignName>
<allowColumnReorder>false</allowColumnReorder>
<existDependencyGenerateInDDl>true</existDependencyGenerateInDDl>
<parsed>true</parsed>
<columns itemClass="oracle.dbtools.crest.model.design.relational.Column">
<Column name="ID_dowodu" id="CB27DAA2-FA79-7DBA-2D33-9A2516B4BB0D">
<createdBy>swide</createdBy>
<createdTime>2026-01-04 13:44:00 UTC</createdTime>
<generatorID>18820579-F871-DA1D-9289-F0E180ACEE38</generatorID>
<ownerDesignName>konceptponormalizacji</ownerDesignName>
<useDomainConstraints>false</useDomainConstraints>
<use>1</use>
<logicalDatatype>LOGDT011</logicalDatatype>
<ownDataTypeParameters>,,</ownDataTypeParameters>
<autoIncrementCycle>false</autoIncrementCycle>
</Column>
<Column name="Nr_dokumentu" id="3C5AB915-ED72-07BC-5FF5-4D1568909370">
<createdBy>swide</createdBy>
<createdTime>2026-01-04 13:44:00 UTC</createdTime>
<generatorID>617B1A37-54F3-DC08-6E55-21F45C88A0DC</generatorID>
<ownerDesignName>konceptponormalizacji</ownerDesignName>
<nullsAllowed>true</nullsAllowed>
<useDomainConstraints>false</useDomainConstraints>
<use>1</use>
<logicalDatatype>LOGDT024</logicalDatatype>
<dataTypeSize>20 CHAR</dataTypeSize>
<ownDataTypeParameters>20 CHAR,,</ownDataTypeParameters>
<autoIncrementCycle>false</autoIncrementCycle>
</Column>
<Column name="Data_wystawienia" id="101AB91B-4E12-E07A-3554-A657FFEC027B">
<createdBy>swide</createdBy>
<createdTime>2026-01-04 13:44:00 UTC</createdTime>
<generatorID>482E284E-4D4D-BD2D-0067-1B16F1E96E13</generatorID>
<ownerDesignName>konceptponormalizacji</ownerDesignName>
<nullsAllowed>true</nullsAllowed>
<useDomainConstraints>false</useDomainConstraints>
<use>1</use>
<logicalDatatype>LOGDT007</logicalDatatype>
<ownDataTypeParameters>,,</ownDataTypeParameters>
<autoIncrementCycle>false</autoIncrementCycle>
</Column>
<Column name="NIP" id="8F696313-4389-4BAB-4E94-3C361A0F8378">
<createdBy>swide</createdBy>
<createdTime>2026-01-04 13:44:00 UTC</createdTime>
<generatorID>9739EF6C-4A05-572F-8FAC-39EA776F62A2</generatorID>
<ownerDesignName>konceptponormalizacji</ownerDesignName>
<nullsAllowed>true</nullsAllowed>
<useDomainConstraints>false</useDomainConstraints>
<use>1</use>
<logicalDatatype>LOGDT024</logicalDatatype>
<dataTypeSize>13 CHAR</dataTypeSize>
<ownDataTypeParameters>13 CHAR,,</ownDataTypeParameters>
<autoIncrementCycle>false</autoIncrementCycle>
</Column>
<Column name="Typ_dokumentu_ID_typ_dokumentu" id="F36A09E8-D2A1-BE0C-4F3E-47BB6AB27C75">
<createdBy>swide</createdBy>
<createdTime>2026-01-04 13:44:00 UTC</createdTime>
<generatorID>00D1A5D7-AC06-BE0E-D5A5-E27079105B8F</generatorID>
<ownerDesignName>konceptponormalizacji</ownerDesignName>
<useDomainConstraints>false</useDomainConstraints>
<use>1</use>
<logicalDatatype>LOGDT011</logicalDatatype>
<ownDataTypeParameters>,,</ownDataTypeParameters>
<previousColumn>false</previousColumn>
<autoIncrementCycle>false</autoIncrementCycle>
<associations>
<colAssociation fkAssociation="37B38DA8-C34E-174D-B358-695E43C79346" referredColumn="ECC051B4-86B4-C580-C0C8-8E631BA8D3FF"/>
</associations>
</Column>
<Column name="Platnosci_ID_Platnosci" id="7F99976C-8A0C-1C50-9E7A-964A7B8DEA9D">
<createdBy>swide</createdBy>
<createdTime>2026-01-04 13:44:00 UTC</createdTime>
<generatorID>98EC981D-36DF-6C9E-90B8-BEE59671EEA1</generatorID>
<ownerDesignName>konceptponormalizacji</ownerDesignName>
<useDomainConstraints>false</useDomainConstraints>
<use>1</use>
<logicalDatatype>LOGDT011</logicalDatatype>
<ownDataTypeParameters>,,</ownDataTypeParameters>
<previousColumn>false</previousColumn>
<autoIncrementCycle>false</autoIncrementCycle>
<associations>
<colAssociation fkAssociation="3A7DFEDA-B797-145F-304B-A444DF1D0ADC" referredColumn="DD9EF960-9AD0-AE5C-BE5A-EF45E1AA2D0C"/>
</associations>
</Column>
</columns>
<indexes itemClass="oracle.dbtools.crest.model.design.relational.Index">
<ind_PK_UK id="14EF3108-4D7A-D125-FA86-8B0BB96DAECB" name="Dowody_platnosci_PK">
<createdBy>swide</createdBy>
<createdTime>2026-01-04 13:44:00 UTC</createdTime>
<generatorID>FDA5A128-E311-EF8B-4F42-27E7BB05AB90</generatorID>
<ownerDesignName>konceptponormalizacji</ownerDesignName>
<pk>true</pk>
<indexState>Primary Constraint</indexState>
<isSurrogateKey>false</isSurrogateKey>
<indexColumnUsage>
<colUsage columnID="CB27DAA2-FA79-7DBA-2D33-9A2516B4BB0D"/>
</indexColumnUsage>
</ind_PK_UK>
<ind_PK_UK id="B2C589D4-8C48-FE4F-0807-9DA811479C94" name="Dowody_platnosci__IDX">
<createdBy>swide</createdBy>
<createdTime>2026-01-04 13:44:00 UTC</createdTime>
<ownerDesignName>konceptponormalizacji</ownerDesignName>
<indexState>Unique Plain Index</indexState>
<isSurrogateKey>false</isSurrogateKey>
<relationGeneratorID>174FD546-1446-1BF0-CC0B-91A25FD3960D</relationGeneratorID>
<indexColumnUsage>
<colUsage columnID="7F99976C-8A0C-1C50-9E7A-964A7B8DEA9D"/>
</indexColumnUsage>
</ind_PK_UK>
<ind_PK_UK id="A494F1EB-1CF5-2E32-1EF3-9242E5DC959A" name="Dowody_platnosci_Typ_dokumentu_FK">
<createdBy>swide</createdBy>
<createdTime>2026-01-04 13:44:00 UTC</createdTime>
<generatorID>837AAE55-B9DA-AA72-50DF-5FD7A9BC49DC</generatorID>
<ownerDesignName>konceptponormalizacji</ownerDesignName>
<indexState>Foreign Key</indexState>
<isSurrogateKey>false</isSurrogateKey>
<indexColumnUsage>
<colUsage columnID="F36A09E8-D2A1-BE0C-4F3E-47BB6AB27C75"/>
</indexColumnUsage>
</ind_PK_UK>
<ind_PK_UK id="F297D8F9-D411-D3F6-5AE3-5C5C9F8CC34D" name="Dowody_platnosci_Platnosci_FK">
<createdBy>swide</createdBy>
<createdTime>2026-01-04 13:44:00 UTC</createdTime>
<generatorID>174FD546-1446-1BF0-CC0B-91A25FD3960D</generatorID>
<ownerDesignName>konceptponormalizacji</ownerDesignName>
<indexState>Foreign Key</indexState>
<isSurrogateKey>false</isSurrogateKey>
<indexColumnUsage>
<colUsage columnID="7F99976C-8A0C-1C50-9E7A-964A7B8DEA9D"/>
</indexColumnUsage>
</ind_PK_UK>
</indexes>
</Table>