<?xml version = '1.0' encoding = 'UTF-8'?>
<Table class="oracle.dbtools.crest.model.design.relational.Table" directorySegmentName="seg_0" id="70ED3001-C087-3B9E-E29D-7E2D4C71BBB7" name="Pokoje">
<createdBy>swide</createdBy>
<createdTime>2026-01-04 13:44:00 UTC</createdTime>
<generatorID>826694FD-5AB3-FE26-860A-5340FF53EC17</generatorID>
<ownerDesignName>konceptponormalizacji</ownerDesignName>
<allowColumnReorder>false</allowColumnReorder>
<existDependencyGenerateInDDl>true</existDependencyGenerateInDDl>
<parsed>true</parsed>
<columns itemClass="oracle.dbtools.crest.model.design.relational.Column">
<Column name="ID_Pokoju" id="FE1DC2E1-13D3-5E10-3B95-DF971996F999">
<createdBy>swide</createdBy>
<createdTime>2026-01-04 13:44:00 UTC</createdTime>
<generatorID>BFA1B8D0-612B-73AD-6CBD-01C074BA82A5</generatorID>
<ownerDesignName>konceptponormalizacji</ownerDesignName>
<useDomainConstraints>false</useDomainConstraints>
<use>1</use>
<logicalDatatype>LOGDT011</logicalDatatype>
<ownDataTypeParameters>,,</ownDataTypeParameters>
<autoIncrementCycle>false</autoIncrementCycle>
</Column>
<Column name="Numer_pokoju" id="65734AED-6953-DE91-3C6B-D177C67B3668">
<createdBy>swide</createdBy>
<createdTime>2026-01-04 13:44:00 UTC</createdTime>
<generatorID>18240E2A-57CD-9FCF-FDA5-721C8C31CE72</generatorID>
<ownerDesignName>konceptponormalizacji</ownerDesignName>
<useDomainConstraints>false</useDomainConstraints>
<use>1</use>
<logicalDatatype>LOGDT024</logicalDatatype>
<dataTypeSize>10 CHAR</dataTypeSize>
<ownDataTypeParameters>10 CHAR,,</ownDataTypeParameters>
<autoIncrementCycle>false</autoIncrementCycle>
</Column>
<Column name="Pietro" id="223B7384-ADA3-058C-547D-7E6542A573AB">
<createdBy>swide</createdBy>
<createdTime>2026-01-04 13:44:00 UTC</createdTime>
<generatorID>F7DB8A51-600C-F7A0-0EBA-99A6216B5AC9</generatorID>
<ownerDesignName>konceptponormalizacji</ownerDesignName>
<nullsAllowed>true</nullsAllowed>
<useDomainConstraints>false</useDomainConstraints>
<use>1</use>
<logicalDatatype>LOGDT011</logicalDatatype>
<ownDataTypeParameters>,,</ownDataTypeParameters>
<autoIncrementCycle>false</autoIncrementCycle>
</Column>
<Column name="Kategoria_pokoju_ID_kategorii" id="CC4BDB2D-93BC-F422-8B00-8A5DC8359399">
<createdBy>swide</createdBy>
<createdTime>2026-01-04 13:44:00 UTC</createdTime>
<generatorID>358E6199-450E-EBD7-28AE-E385E5E60400</generatorID>
<ownerDesignName>konceptponormalizacji</ownerDesignName>
<useDomainConstraints>false</useDomainConstraints>
<use>1</use>
<logicalDatatype>LOGDT011</logicalDatatype>
<ownDataTypeParameters>,,</ownDataTypeParameters>
<previousColumn>false</previousColumn>
<autoIncrementCycle>false</autoIncrementCycle>
<associations>
<colAssociation fkAssociation="F32698B3-9C10-8353-B93D-F948B9EED437" referredColumn="FCD8C6B0-CA8D-FAA9-8023-60054CC9F1A3"/>
</associations>
</Column>
<Column name="Maks_liczba_osob" id="BEEF618E-9DE6-3E9A-21C7-08B69EC67E55">
<createdBy>swide</createdBy>
<createdTime>2026-01-04 13:44:00 UTC</createdTime>
<generatorID>FDD2CC79-C129-7CF0-F906-A83D6548FFF4</generatorID>
<ownerDesignName>konceptponormalizacji</ownerDesignName>
<nullsAllowed>true</nullsAllowed>
<useDomainConstraints>false</useDomainConstraints>
<use>1</use>
<logicalDatatype>LOGDT011</logicalDatatype>
<ownDataTypeParameters>,,</ownDataTypeParameters>
<autoIncrementCycle>false</autoIncrementCycle>
</Column>
<Column name="Status_pokoju_ID_Statusu_pokoju" id="AE7172F0-A061-A688-244D-150847FA2A1A">
<createdBy>swide</createdBy>
<createdTime>2026-01-04 14:01:44 UTC</createdTime>
<generatorID>17138345-D4F6-7959-8538-BE45EB30029B</generatorID>
<ownerDesignName>konceptponormalizacji</ownerDesignName>
<useDomainConstraints>false</useDomainConstraints>
<use>1</use>
<logicalDatatype>LOGDT011</logicalDatatype>
<ownDataTypeParameters>,,</ownDataTypeParameters>
<previousColumn>false</previousColumn>
<autoIncrementCycle>false</autoIncrementCycle>
<associations>
<colAssociation fkAssociation="9038002E-E86A-7568-E627-99E8276C9898" referredColumn="0A2D08DB-884C-A7C9-63CC-577A7C178A0F"/>
</associations>
</Column>
</columns>
<indexes itemClass="oracle.dbtools.crest.model.design.relational.Index">
<ind_PK_UK id="90B2B07F-07CB-D747-5E40-913B109AA685" name="Pokoje_PK">
<createdBy>swide</createdBy>
<createdTime>2026-01-04 13:44:00 UTC</createdTime>
<generatorID>F4DE0CA0-613C-F030-AD72-F7EC7A7A72B0</generatorID>
<ownerDesignName>konceptponormalizacji</ownerDesignName>
<pk>true</pk>
<indexState>Primary Constraint</indexState>
<isSurrogateKey>false</isSurrogateKey>
<indexColumnUsage>
<colUsage columnID="FE1DC2E1-13D3-5E10-3B95-DF971996F999"/>
</indexColumnUsage>
</ind_PK_UK>
<ind_PK_UK id="477B95A4-B03C-1002-C57F-9A191DF65DFF" name="Pokoje_Kategoria_pokoju_FK">
<createdBy>swide</createdBy>
<createdTime>2026-01-04 13:44:00 UTC</createdTime>
<generatorID>FF083ED2-420F-81C0-7E14-B0C9BB994E59</generatorID>
<ownerDesignName>konceptponormalizacji</ownerDesignName>
<indexState>Foreign Key</indexState>
<isSurrogateKey>false</isSurrogateKey>
<indexColumnUsage>
<colUsage columnID="CC4BDB2D-93BC-F422-8B00-8A5DC8359399"/>
</indexColumnUsage>
</ind_PK_UK>
<ind_PK_UK id="833751A4-41D6-EF65-FE9E-30F1D99DB39B" name="Pokoje_Status_pokoju_FK">
<createdBy>swide</createdBy>
<createdTime>2026-01-04 14:01:45 UTC</createdTime>
<generatorID>E6344531-C001-85B5-97D2-E92F73F0D56B</generatorID>
<ownerDesignName>konceptponormalizacji</ownerDesignName>
<indexState>Foreign Key</indexState>
<isSurrogateKey>false</isSurrogateKey>
<indexColumnUsage>
<colUsage columnID="AE7172F0-A061-A688-244D-150847FA2A1A"/>
</indexColumnUsage>
</ind_PK_UK>
</indexes>
</Table>