<?xml version = '1.0' encoding = 'UTF-8'?>
<Table class="oracle.dbtools.crest.model.design.relational.Table" directorySegmentName="seg_0" id="826405E2-C500-FFC1-9E4A-733A8B6D19AB" name="Grafik_pracy">
<createdBy>swide</createdBy>
<createdTime>2026-01-04 13:44:00 UTC</createdTime>
<generatorID>F9F623D8-1DC8-D4A1-BBB1-C65A30DA9C82</generatorID>
<ownerDesignName>konceptponormalizacji</ownerDesignName>
<allowColumnReorder>false</allowColumnReorder>
<existDependencyGenerateInDDl>true</existDependencyGenerateInDDl>
<parsed>true</parsed>
<columns itemClass="oracle.dbtools.crest.model.design.relational.Column">
<Column name="ID_zmiany" id="0B797740-4040-14CD-F4A2-854ED250F51C">
<createdBy>swide</createdBy>
<createdTime>2026-01-04 13:44:00 UTC</createdTime>
<generatorID>1A603C4D-3E4C-A932-8FA9-0794FA8678B5</generatorID>
<ownerDesignName>konceptponormalizacji</ownerDesignName>
<useDomainConstraints>false</useDomainConstraints>
<use>1</use>
<logicalDatatype>LOGDT011</logicalDatatype>
<ownDataTypeParameters>,,</ownDataTypeParameters>
<autoIncrementCycle>false</autoIncrementCycle>
</Column>
<Column name="Data" id="51E482F8-BCFA-E014-FC43-CF60D1506C7B">
<createdBy>swide</createdBy>
<createdTime>2026-01-04 13:44:00 UTC</createdTime>
<generatorID>F6399347-FBF3-9D94-6A04-06EA24724498</generatorID>
<ownerDesignName>konceptponormalizacji</ownerDesignName>
<nullsAllowed>true</nullsAllowed>
<useDomainConstraints>false</useDomainConstraints>
<use>1</use>
<logicalDatatype>LOGDT007</logicalDatatype>
<ownDataTypeParameters>,,</ownDataTypeParameters>
<autoIncrementCycle>false</autoIncrementCycle>
</Column>
<Column name="Pracownicy_ID_Pracownika" id="323C756D-AE4A-6262-28C5-8A9A12DDDED9">
<createdBy>swide</createdBy>
<createdTime>2026-01-04 13:44:00 UTC</createdTime>
<generatorID>3AF61119-A8B0-B1B9-0399-AAB2CFC8E044</generatorID>
<ownerDesignName>konceptponormalizacji</ownerDesignName>
<nullsAllowed>true</nullsAllowed>
<useDomainConstraints>false</useDomainConstraints>
<use>1</use>
<logicalDatatype>LOGDT011</logicalDatatype>
<ownDataTypeParameters>,,</ownDataTypeParameters>
<previousColumn>false</previousColumn>
<autoIncrementCycle>false</autoIncrementCycle>
<associations>
<colAssociation fkAssociation="18C26A49-D9AB-08E6-46AC-1BECD056C359" referredColumn="A4FC8023-B64D-304F-5EAF-5A2E10271D7B"/>
</associations>
</Column>
<Column name="Typ_zmiany_ID_Typu_zmiany" id="19C81AD9-5767-E710-3D6F-24AD461CE27D">
<createdBy>swide</createdBy>
<createdTime>2026-01-04 14:01:44 UTC</createdTime>
<generatorID>5E5EF618-626B-6C99-53D0-FEB8989DC5DC</generatorID>
<ownerDesignName>konceptponormalizacji</ownerDesignName>
<useDomainConstraints>false</useDomainConstraints>
<use>1</use>
<logicalDatatype>LOGDT011</logicalDatatype>
<ownDataTypeParameters>,,</ownDataTypeParameters>
<previousColumn>false</previousColumn>
<autoIncrementCycle>false</autoIncrementCycle>
<associations>
<colAssociation fkAssociation="2F494150-AE20-0949-A5AE-9375ADE9DFD0" referredColumn="0A3B4D8E-5CE7-8E5A-18D7-02852C08D85B"/>
</associations>
</Column>
</columns>
<indexes itemClass="oracle.dbtools.crest.model.design.relational.Index">
<ind_PK_UK id="E439E3BC-AA5C-B9A3-588F-69D7CBE83944" name="Grafik_pracy_PK">
<createdBy>swide</createdBy>
<createdTime>2026-01-04 13:44:00 UTC</createdTime>
<generatorID>28E59B36-2B81-0975-7921-412FBCDCFDFE</generatorID>
<ownerDesignName>konceptponormalizacji</ownerDesignName>
<pk>true</pk>
<indexState>Primary Constraint</indexState>
<isSurrogateKey>false</isSurrogateKey>
<indexColumnUsage>
<colUsage columnID="0B797740-4040-14CD-F4A2-854ED250F51C"/>
</indexColumnUsage>
</ind_PK_UK>
<ind_PK_UK id="F9064C37-8FBA-59C7-D734-411EA991AEEA" name="Grafik_pracy_Pracownicy_FK">
<createdBy>swide</createdBy>
<createdTime>2026-01-04 13:44:00 UTC</createdTime>
<generatorID>307BDD75-006C-A315-E4B8-B32CC641AE2D</generatorID>
<ownerDesignName>konceptponormalizacji</ownerDesignName>
<indexState>Foreign Key</indexState>
<isSurrogateKey>false</isSurrogateKey>
<indexColumnUsage>
<colUsage columnID="323C756D-AE4A-6262-28C5-8A9A12DDDED9"/>
</indexColumnUsage>
</ind_PK_UK>
<ind_PK_UK id="FB199F56-DA44-B1A0-1B0F-C18603C9A2B4" name="Grafik_pracy_Typ_zmiany_FK">
<createdBy>swide</createdBy>
<createdTime>2026-01-04 14:01:45 UTC</createdTime>
<generatorID>703FF5CB-42E4-54CF-676C-61B8D3B29020</generatorID>
<ownerDesignName>konceptponormalizacji</ownerDesignName>
<indexState>Foreign Key</indexState>
<isSurrogateKey>false</isSurrogateKey>
<indexColumnUsage>
<colUsage columnID="19C81AD9-5767-E710-3D6F-24AD461CE27D"/>
</indexColumnUsage>
</ind_PK_UK>
</indexes>
</Table>