<?xml version = '1.0' encoding = 'UTF-8'?>
<Table class="oracle.dbtools.crest.model.design.relational.Table" directorySegmentName="seg_0" id="85539918-6ACD-E4B4-92F8-29B20EF246BE" name="Przydzielenia">
<createdBy>swide</createdBy>
<createdTime>2026-01-04 13:44:00 UTC</createdTime>
<generatorID>7128F51C-5EC4-BD28-2E77-D03F3D396A63</generatorID>
<ownerDesignName>konceptponormalizacji</ownerDesignName>
<allowColumnReorder>false</allowColumnReorder>
<existDependencyGenerateInDDl>true</existDependencyGenerateInDDl>
<parsed>true</parsed>
<columns itemClass="oracle.dbtools.crest.model.design.relational.Column">
<Column name="ID_przydzielenia" id="27CF3E0A-F34C-FD95-4217-7097A985F89D">
<createdBy>swide</createdBy>
<createdTime>2026-01-04 13:44:00 UTC</createdTime>
<generatorID>4D481DB6-F9C2-5E29-288C-F071C263F787</generatorID>
<ownerDesignName>konceptponormalizacji</ownerDesignName>
<useDomainConstraints>false</useDomainConstraints>
<use>1</use>
<logicalDatatype>LOGDT011</logicalDatatype>
<ownDataTypeParameters>,,</ownDataTypeParameters>
<autoIncrementCycle>false</autoIncrementCycle>
</Column>
<Column name="Data_przydzielenia" id="93A4C11F-6023-4EAE-1216-74D216AF6E1D">
<createdBy>swide</createdBy>
<createdTime>2026-01-04 13:44:00 UTC</createdTime>
<generatorID>E13C28FF-33BD-BA57-E85C-DB6A601A861C</generatorID>
<ownerDesignName>konceptponormalizacji</ownerDesignName>
<nullsAllowed>true</nullsAllowed>
<useDomainConstraints>false</useDomainConstraints>
<use>1</use>
<logicalDatatype>LOGDT008</logicalDatatype>
<ownDataTypeParameters>,,</ownDataTypeParameters>
<autoIncrementCycle>false</autoIncrementCycle>
</Column>
<Column name="Data_zameldowania" id="A4F8CF77-048D-B094-BA09-5D3846B9685A">
<createdBy>swide</createdBy>
<createdTime>2026-01-04 13:44:00 UTC</createdTime>
<generatorID>0DE6893A-00DF-FEDA-29FB-E781B26CFA92</generatorID>
<ownerDesignName>konceptponormalizacji</ownerDesignName>
<nullsAllowed>true</nullsAllowed>
<useDomainConstraints>false</useDomainConstraints>
<use>1</use>
<logicalDatatype>LOGDT007</logicalDatatype>
<ownDataTypeParameters>,,</ownDataTypeParameters>
<autoIncrementCycle>false</autoIncrementCycle>
</Column>
<Column name="Data_wymeldowania" id="A969B62C-4477-2D2A-E2F3-1BACE0D4A8DB">
<createdBy>swide</createdBy>
<createdTime>2026-01-04 13:44:00 UTC</createdTime>
<generatorID>251F22CB-4059-578D-845A-1154C5CB281B</generatorID>
<ownerDesignName>konceptponormalizacji</ownerDesignName>
<nullsAllowed>true</nullsAllowed>
<useDomainConstraints>false</useDomainConstraints>
<use>1</use>
<logicalDatatype>LOGDT007</logicalDatatype>
<ownDataTypeParameters>,,</ownDataTypeParameters>
<autoIncrementCycle>false</autoIncrementCycle>
</Column>
<Column name="Rezerwacje_ID_Rezerwacji" id="1DA510AE-F6C0-EBB1-7BC0-AAAF28822DD4">
<createdBy>swide</createdBy>
<createdTime>2026-01-04 13:44:00 UTC</createdTime>
<generatorID>625BA510-7C69-F857-5500-190A8CE34CE9</generatorID>
<ownerDesignName>konceptponormalizacji</ownerDesignName>
<useDomainConstraints>false</useDomainConstraints>
<use>1</use>
<logicalDatatype>LOGDT011</logicalDatatype>
<ownDataTypeParameters>,,</ownDataTypeParameters>
<previousColumn>false</previousColumn>
<autoIncrementCycle>false</autoIncrementCycle>
<associations>
<colAssociation fkAssociation="1AB464FF-66E1-2515-4CBF-63A59B920B06" referredColumn="44B9272A-8975-19E3-B7BB-79C9E57A5E56"/>
</associations>
</Column>
<Column name="Pokoje_ID_Pokoju" id="081E0BBC-0825-7093-9F0F-2420844935BF">
<createdBy>swide</createdBy>
<createdTime>2026-01-04 13:44:00 UTC</createdTime>
<generatorID>D4CEB569-95E3-5AF6-C8C8-48F36C305490</generatorID>
<ownerDesignName>konceptponormalizacji</ownerDesignName>
<useDomainConstraints>false</useDomainConstraints>
<use>1</use>
<logicalDatatype>LOGDT011</logicalDatatype>
<ownDataTypeParameters>,,</ownDataTypeParameters>
<previousColumn>false</previousColumn>
<autoIncrementCycle>false</autoIncrementCycle>
<associations>
<colAssociation fkAssociation="35B3EBCF-803C-A96B-8A20-BBFD517865CC" referredColumn="FE1DC2E1-13D3-5E10-3B95-DF971996F999"/>
</associations>
</Column>
</columns>
<indexes itemClass="oracle.dbtools.crest.model.design.relational.Index">
<ind_PK_UK id="A7626D15-38BE-2663-1A1D-4508C7D29B79" name="Przydzielenia_PK">
<createdBy>swide</createdBy>
<createdTime>2026-01-04 13:44:00 UTC</createdTime>
<generatorID>7C01D952-CC03-D5DA-9BA6-FC613DA3576F</generatorID>
<ownerDesignName>konceptponormalizacji</ownerDesignName>
<pk>true</pk>
<indexState>Primary Constraint</indexState>
<isSurrogateKey>false</isSurrogateKey>
<indexColumnUsage>
<colUsage columnID="27CF3E0A-F34C-FD95-4217-7097A985F89D"/>
</indexColumnUsage>
</ind_PK_UK>
<ind_PK_UK id="FD361AC1-479F-45D1-5DC8-329287613463" name="Przydzielenia_Rezerwacje_FK">
<createdBy>swide</createdBy>
<createdTime>2026-01-04 13:44:00 UTC</createdTime>
<generatorID>FA0FC9A3-B280-735D-4E3E-89C9DF5FCCC6</generatorID>
<ownerDesignName>konceptponormalizacji</ownerDesignName>
<indexState>Foreign Key</indexState>
<isSurrogateKey>false</isSurrogateKey>
<indexColumnUsage>
<colUsage columnID="1DA510AE-F6C0-EBB1-7BC0-AAAF28822DD4"/>
</indexColumnUsage>
</ind_PK_UK>
<ind_PK_UK id="CC9471AF-2914-5AA9-CF6A-51D81E69C70C" name="Przydzielenia_Pokoje_FK">
<createdBy>swide</createdBy>
<createdTime>2026-01-04 13:44:00 UTC</createdTime>
<generatorID>CB222B31-DBF7-BDAC-A108-61DF67BEB7F8</generatorID>
<ownerDesignName>konceptponormalizacji</ownerDesignName>
<indexState>Foreign Key</indexState>
<isSurrogateKey>false</isSurrogateKey>
<indexColumnUsage>
<colUsage columnID="081E0BBC-0825-7093-9F0F-2420844935BF"/>
</indexColumnUsage>
</ind_PK_UK>
</indexes>
</Table>