<?xml version = '1.0' encoding = 'UTF-8'?>
<Table class="oracle.dbtools.crest.model.design.relational.Table" directorySegmentName="seg_0" id="8B738CD2-1669-C045-FC99-6764AABB8887" name="Platnosci">
<createdBy>swide</createdBy>
<createdTime>2026-01-04 13:44:00 UTC</createdTime>
<generatorID>0A599E2A-21E2-3F4F-CCC4-CD83832E1E79</generatorID>
<ownerDesignName>konceptponormalizacji</ownerDesignName>
<allowColumnReorder>false</allowColumnReorder>
<existDependencyGenerateInDDl>true</existDependencyGenerateInDDl>
<parsed>true</parsed>
<columns itemClass="oracle.dbtools.crest.model.design.relational.Column">
<Column name="ID_Platnosci" id="DD9EF960-9AD0-AE5C-BE5A-EF45E1AA2D0C">
<createdBy>swide</createdBy>
<createdTime>2026-01-04 13:44:00 UTC</createdTime>
<generatorID>9C5173E7-7A97-C8DB-CF3D-82546E6F17E9</generatorID>
<ownerDesignName>konceptponormalizacji</ownerDesignName>
<useDomainConstraints>false</useDomainConstraints>
<use>1</use>
<logicalDatatype>LOGDT011</logicalDatatype>
<ownDataTypeParameters>,,</ownDataTypeParameters>
<autoIncrementCycle>false</autoIncrementCycle>
</Column>
<Column name="data_platnosci" id="D2A9316D-C2B0-5785-27BD-CB8A92116A96">
<createdBy>swide</createdBy>
<createdTime>2026-01-04 13:44:00 UTC</createdTime>
<generatorID>9035CF5E-98E6-8453-789B-7A1A1E165C5D</generatorID>
<ownerDesignName>konceptponormalizacji</ownerDesignName>
<nullsAllowed>true</nullsAllowed>
<useDomainConstraints>false</useDomainConstraints>
<use>1</use>
<logicalDatatype>LOGDT007</logicalDatatype>
<ownDataTypeParameters>,,</ownDataTypeParameters>
<autoIncrementCycle>false</autoIncrementCycle>
</Column>
<Column name="detoda_platnosci" id="FE3501D1-F3F2-418A-DA0D-3F2B22778D9D">
<createdBy>swide</createdBy>
<createdTime>2026-01-04 13:44:00 UTC</createdTime>
<generatorID>5D9EDBE1-8CAC-3B96-BDFE-6751793FED16</generatorID>
<ownerDesignName>konceptponormalizacji</ownerDesignName>
<nullsAllowed>true</nullsAllowed>
<useDomainConstraints>false</useDomainConstraints>
<use>1</use>
<logicalDatatype>LOGDT024</logicalDatatype>
<dataTypeSize>32 CHAR</dataTypeSize>
<ownDataTypeParameters>32 CHAR,,</ownDataTypeParameters>
<autoIncrementCycle>false</autoIncrementCycle>
</Column>
<Column name="nr_dowodu_zaplaty" id="4F2D8EE0-20BD-6004-BA26-4D22B0269B0B">
<createdBy>swide</createdBy>
<createdTime>2026-01-04 13:44:00 UTC</createdTime>
<generatorID>1E00117D-1D1A-9888-39ED-EBDB9A909BDF</generatorID>
<ownerDesignName>konceptponormalizacji</ownerDesignName>
<nullsAllowed>true</nullsAllowed>
<useDomainConstraints>false</useDomainConstraints>
<use>1</use>
<logicalDatatype>LOGDT024</logicalDatatype>
<dataTypeSize>18</dataTypeSize>
<ownDataTypeParameters>18,,</ownDataTypeParameters>
<autoIncrementCycle>false</autoIncrementCycle>
</Column>
<Column name="Usluga_ID_Usluga" id="A6A3EACD-5B2A-A41F-860B-8D386EC1BB8B">
<createdBy>swide</createdBy>
<createdTime>2026-01-04 13:44:00 UTC</createdTime>
<generatorID>1FF391BF-FCA9-3C90-52D3-B92DA6537273</generatorID>
<ownerDesignName>konceptponormalizacji</ownerDesignName>
<useDomainConstraints>false</useDomainConstraints>
<use>1</use>
<logicalDatatype>LOGDT011</logicalDatatype>
<ownDataTypeParameters>,,</ownDataTypeParameters>
<previousColumn>false</previousColumn>
<autoIncrementCycle>false</autoIncrementCycle>
<associations>
<colAssociation fkAssociation="3DD7D2B6-2E83-CA5C-9333-54432DA62945" referredColumn="5A3D6627-0876-C7C7-B56C-C02128FC15A0"/>
</associations>
</Column>
<Column name="Przydzielenia_ID_przydzielenia" id="719158F3-814A-FD39-49A3-040EE8BC79E7">
<createdBy>swide</createdBy>
<createdTime>2026-01-04 13:44:00 UTC</createdTime>
<generatorID>5770A634-DE15-DFB4-D97E-94D6EDB8E77F</generatorID>
<ownerDesignName>konceptponormalizacji</ownerDesignName>
<useDomainConstraints>false</useDomainConstraints>
<use>1</use>
<logicalDatatype>LOGDT011</logicalDatatype>
<ownDataTypeParameters>,,</ownDataTypeParameters>
<previousColumn>false</previousColumn>
<autoIncrementCycle>false</autoIncrementCycle>
<associations>
<colAssociation fkAssociation="FE2E28F9-9F4C-273C-87FE-6FDCD183CD5C" referredColumn="27CF3E0A-F34C-FD95-4217-7097A985F89D"/>
</associations>
</Column>
<Column name="data_wystawienia_dokumentu" id="D89EF15D-C015-A9D6-F8F3-2C4C8B0C0CEF">
<createdBy>swide</createdBy>
<createdTime>2026-01-04 13:44:00 UTC</createdTime>
<generatorID>94583D1F-E234-8F2F-8D99-5FDE225A7C27</generatorID>
<ownerDesignName>konceptponormalizacji</ownerDesignName>
<nullsAllowed>true</nullsAllowed>
<useDomainConstraints>false</useDomainConstraints>
<use>1</use>
<logicalDatatype>LOGDT007</logicalDatatype>
<ownDataTypeParameters>,,</ownDataTypeParameters>
<autoIncrementCycle>false</autoIncrementCycle>
</Column>
<Column name="nip_nabywcy" id="55B74217-475F-F473-79D0-91A6EE50805C">
<createdBy>swide</createdBy>
<createdTime>2026-01-04 13:44:00 UTC</createdTime>
<generatorID>FB82E055-533A-B6A5-57ED-CF714DB823A7</generatorID>
<ownerDesignName>konceptponormalizacji</ownerDesignName>
<nullsAllowed>true</nullsAllowed>
<useDomainConstraints>false</useDomainConstraints>
<use>1</use>
<logicalDatatype>LOGDT024</logicalDatatype>
<dataTypeSize>10</dataTypeSize>
<ownDataTypeParameters>10,,</ownDataTypeParameters>
<autoIncrementCycle>false</autoIncrementCycle>
</Column>
<Column name="typ_dowodu_zaplaty" id="A6481CCE-6D4A-D201-833C-4651782A19F7">
<createdBy>swide</createdBy>
<createdTime>2026-01-04 13:44:00 UTC</createdTime>
<generatorID>0FF4CD99-B5E3-D511-33E4-4CAFF1840A09</generatorID>
<ownerDesignName>konceptponormalizacji</ownerDesignName>
<nullsAllowed>true</nullsAllowed>
<useDomainConstraints>false</useDomainConstraints>
<use>1</use>
<logicalDatatype>LOGDT024</logicalDatatype>
<dataTypeSize>16</dataTypeSize>
<ownDataTypeParameters>16,,</ownDataTypeParameters>
<autoIncrementCycle>false</autoIncrementCycle>
</Column>
<Column name="Metody_platnosci_ID_metody" id="099BBAC8-95F4-CADA-A5C6-EA4EF031A669">
<createdBy>swide</createdBy>
<createdTime>2026-01-04 13:44:00 UTC</createdTime>
<generatorID>84C994EE-146E-5AA0-1C8B-D2B63FC3D5CA</generatorID>
<ownerDesignName>konceptponormalizacji</ownerDesignName>
<useDomainConstraints>false</useDomainConstraints>
<use>1</use>
<logicalDatatype>LOGDT011</logicalDatatype>
<ownDataTypeParameters>,,</ownDataTypeParameters>
<previousColumn>false</previousColumn>
<autoIncrementCycle>false</autoIncrementCycle>
<associations>
<colAssociation fkAssociation="BA9A6515-EB48-1A14-95D5-3057B24711F9" referredColumn="A811FBEA-CE20-BE24-EAC4-8F65007822C8"/>
</associations>
</Column>
</columns>
<indexes itemClass="oracle.dbtools.crest.model.design.relational.Index">
<ind_PK_UK id="C3D831EB-3146-12EE-ABB7-7F715E1B1D50" name="Platnosci_PK">
<createdBy>swide</createdBy>
<createdTime>2026-01-04 13:44:00 UTC</createdTime>
<generatorID>05E22711-DF55-A0C7-BE6B-6C4F79AF277B</generatorID>
<ownerDesignName>konceptponormalizacji</ownerDesignName>
<pk>true</pk>
<indexState>Primary Constraint</indexState>
<isSurrogateKey>false</isSurrogateKey>
<indexColumnUsage>
<colUsage columnID="DD9EF960-9AD0-AE5C-BE5A-EF45E1AA2D0C"/>
</indexColumnUsage>
</ind_PK_UK>
<ind_PK_UK id="AA54BC89-B086-D3B8-1FB9-B6630DE6FB27" name="Platnosci_Usluga_FK">
<createdBy>swide</createdBy>
<createdTime>2026-01-04 13:44:00 UTC</createdTime>
<generatorID>D80483D4-16AE-ABD2-8716-B73B42AD5CE8</generatorID>
<ownerDesignName>konceptponormalizacji</ownerDesignName>
<indexState>Foreign Key</indexState>
<isSurrogateKey>false</isSurrogateKey>
<indexColumnUsage>
<colUsage columnID="A6A3EACD-5B2A-A41F-860B-8D386EC1BB8B"/>
</indexColumnUsage>
</ind_PK_UK>
<ind_PK_UK id="A832662F-212F-5CD9-9DE6-40319CCD2860" name="Platnosci_Przydzielenia_FK">
<createdBy>swide</createdBy>
<createdTime>2026-01-04 13:44:00 UTC</createdTime>
<generatorID>B8300C7D-2B7B-03F9-17FC-2A52D8DC5BEE</generatorID>
<ownerDesignName>konceptponormalizacji</ownerDesignName>
<indexState>Foreign Key</indexState>
<isSurrogateKey>false</isSurrogateKey>
<indexColumnUsage>
<colUsage columnID="719158F3-814A-FD39-49A3-040EE8BC79E7"/>
</indexColumnUsage>
</ind_PK_UK>
<ind_PK_UK id="9636DB0B-E445-467C-403A-2B002DE63DA3" name="Platnosci_Metody_platnosci_FK">
<createdBy>swide</createdBy>
<createdTime>2026-01-04 13:44:00 UTC</createdTime>
<generatorID>816B8F27-101B-A463-42AF-B01077293C3D</generatorID>
<ownerDesignName>konceptponormalizacji</ownerDesignName>
<indexState>Foreign Key</indexState>
<isSurrogateKey>false</isSurrogateKey>
<indexColumnUsage>
<colUsage columnID="099BBAC8-95F4-CADA-A5C6-EA4EF031A669"/>
</indexColumnUsage>
</ind_PK_UK>
</indexes>
</Table>