<?xml version = '1.0' encoding = 'UTF-8'?>
<Table class="oracle.dbtools.crest.model.design.relational.Table" directorySegmentName="seg_0" id="9D939318-3825-77F7-8581-94C586FDA2E7" name="Usterki">
<createdBy>swide</createdBy>
<createdTime>2026-01-04 13:44:00 UTC</createdTime>
<generatorID>589CBE1B-8880-A026-505C-C5021D145452</generatorID>
<ownerDesignName>konceptponormalizacji</ownerDesignName>
<allowColumnReorder>false</allowColumnReorder>
<existDependencyGenerateInDDl>true</existDependencyGenerateInDDl>
<parsed>true</parsed>
<columns itemClass="oracle.dbtools.crest.model.design.relational.Column">
<Column name="ID_usterki" id="C94773AB-C298-6615-295A-C511D369CB73">
<createdBy>swide</createdBy>
<createdTime>2026-01-04 13:44:00 UTC</createdTime>
<generatorID>1EC07AB2-7DE2-E6AD-169B-37A12618F375</generatorID>
<ownerDesignName>konceptponormalizacji</ownerDesignName>
<useDomainConstraints>false</useDomainConstraints>
<use>1</use>
<logicalDatatype>LOGDT011</logicalDatatype>
<ownDataTypeParameters>,,</ownDataTypeParameters>
<autoIncrementCycle>false</autoIncrementCycle>
</Column>
<Column name="Data_zgloszenia" id="7D242A67-A2A6-F46A-771B-748BF3D20C93">
<createdBy>swide</createdBy>
<createdTime>2026-01-04 13:44:00 UTC</createdTime>
<generatorID>79155236-30DB-E71B-F63D-E5D3AE49F230</generatorID>
<ownerDesignName>konceptponormalizacji</ownerDesignName>
<nullsAllowed>true</nullsAllowed>
<useDomainConstraints>false</useDomainConstraints>
<use>1</use>
<logicalDatatype>LOGDT007</logicalDatatype>
<ownDataTypeParameters>,,</ownDataTypeParameters>
<autoIncrementCycle>false</autoIncrementCycle>
</Column>
<Column name="Opis" id="10CAEFA9-0ED0-0A90-CFF3-0E9278DD8E6B">
<createdBy>swide</createdBy>
<createdTime>2026-01-04 13:44:00 UTC</createdTime>
<generatorID>BD85D41B-C234-46FF-7610-0F8927BEC1FC</generatorID>
<ownerDesignName>konceptponormalizacji</ownerDesignName>
<nullsAllowed>true</nullsAllowed>
<useDomainConstraints>false</useDomainConstraints>
<use>1</use>
<logicalDatatype>LOGDT024</logicalDatatype>
<dataTypeSize>255 CHAR</dataTypeSize>
<ownDataTypeParameters>255 CHAR,,</ownDataTypeParameters>
<autoIncrementCycle>false</autoIncrementCycle>
</Column>
<Column name="Pokoje_ID_Pokoju" id="B38677E4-7961-22D8-793A-1BC4C65C1188">
<createdBy>swide</createdBy>
<createdTime>2026-01-04 13:44:00 UTC</createdTime>
<generatorID>2963D359-14E2-D801-84CE-1AC8241D090A</generatorID>
<ownerDesignName>konceptponormalizacji</ownerDesignName>
<useDomainConstraints>false</useDomainConstraints>
<use>1</use>
<logicalDatatype>LOGDT011</logicalDatatype>
<ownDataTypeParameters>,,</ownDataTypeParameters>
<previousColumn>false</previousColumn>
<autoIncrementCycle>false</autoIncrementCycle>
<associations>
<colAssociation fkAssociation="28683F46-18F7-BBD9-5687-D050BE977390" referredColumn="FE1DC2E1-13D3-5E10-3B95-DF971996F999"/>
</associations>
</Column>
<Column name="Pracownicy_ID_Pracownika" id="DD5B3DAB-B6AE-A227-4BF2-2EE299A5D09C">
<createdBy>swide</createdBy>
<createdTime>2026-01-04 13:44:00 UTC</createdTime>
<generatorID>A2CD77FC-01A3-5174-456F-DA4665BC1DD4</generatorID>
<ownerDesignName>konceptponormalizacji</ownerDesignName>
<nullsAllowed>true</nullsAllowed>
<useDomainConstraints>false</useDomainConstraints>
<use>1</use>
<logicalDatatype>LOGDT011</logicalDatatype>
<ownDataTypeParameters>,,</ownDataTypeParameters>
<previousColumn>false</previousColumn>
<autoIncrementCycle>false</autoIncrementCycle>
<associations>
<colAssociation fkAssociation="6EBED6C2-4197-47BB-B2A4-BA0A52D93CE0" referredColumn="A4FC8023-B64D-304F-5EAF-5A2E10271D7B"/>
</associations>
</Column>
<Column name="Koszt_naprawy" id="5B115BAD-D708-617D-3288-6DB4B3E8074A">
<createdBy>swide</createdBy>
<createdTime>2026-01-04 13:44:00 UTC</createdTime>
<generatorID>B875CCFE-9D12-4D43-2273-54FE423254D0</generatorID>
<ownerDesignName>konceptponormalizacji</ownerDesignName>
<nullsAllowed>true</nullsAllowed>
<useDomainConstraints>false</useDomainConstraints>
<use>1</use>
<logicalDatatype>LOGDT026</logicalDatatype>
<dataTypePrecision>10</dataTypePrecision>
<dataTypeScale>2</dataTypeScale>
<ownDataTypeParameters>,10,2</ownDataTypeParameters>
<autoIncrementCycle>false</autoIncrementCycle>
</Column>
<Column name="Data_naprawy" id="D18FCDF5-194C-6787-A2BB-79744BA968F8">
<createdBy>swide</createdBy>
<createdTime>2026-01-04 13:44:00 UTC</createdTime>
<generatorID>28BDE684-40E8-C55B-E40E-1BC01271FED1</generatorID>
<ownerDesignName>konceptponormalizacji</ownerDesignName>
<nullsAllowed>true</nullsAllowed>
<useDomainConstraints>false</useDomainConstraints>
<use>1</use>
<logicalDatatype>LOGDT007</logicalDatatype>
<ownDataTypeParameters>,,</ownDataTypeParameters>
<autoIncrementCycle>false</autoIncrementCycle>
</Column>
<Column name="Priorytet_naprawy_ID_priorytetu_naprawy" id="6380FF92-CF2A-CDA8-E7AE-DEC5EE9A9CCE">
<createdBy>swide</createdBy>
<createdTime>2026-01-04 14:01:44 UTC</createdTime>
<generatorID>8786D103-6CC5-00D7-FF05-661C3FED370F</generatorID>
<ownerDesignName>konceptponormalizacji</ownerDesignName>
<useDomainConstraints>false</useDomainConstraints>
<use>1</use>
<logicalDatatype>LOGDT011</logicalDatatype>
<ownDataTypeParameters>,,</ownDataTypeParameters>
<previousColumn>false</previousColumn>
<autoIncrementCycle>false</autoIncrementCycle>
<associations>
<colAssociation fkAssociation="8F4288DE-2E86-ADB8-603D-92063EF9B6F4" referredColumn="D3CEB1E8-777F-51B8-B2DB-97FEDFE00232"/>
</associations>
</Column>
<Column name="Status_naprawy_ID_statusu_naprawy" id="EFDD11C2-EB0C-3E24-5AF5-8BB88B7DC694">
<createdBy>swide</createdBy>
<createdTime>2026-01-04 14:01:44 UTC</createdTime>
<generatorID>033B4195-8A29-291D-88E5-07F5D089AF85</generatorID>
<ownerDesignName>konceptponormalizacji</ownerDesignName>
<useDomainConstraints>false</useDomainConstraints>
<use>1</use>
<logicalDatatype>LOGDT011</logicalDatatype>
<ownDataTypeParameters>,,</ownDataTypeParameters>
<previousColumn>false</previousColumn>
<autoIncrementCycle>false</autoIncrementCycle>
<associations>
<colAssociation fkAssociation="B1FC9FF3-11FC-7383-271E-E1DCF724467F" referredColumn="07C3C5C7-2A97-72E4-0D93-21D8BADC0A6E"/>
</associations>
</Column>
</columns>
<indexes itemClass="oracle.dbtools.crest.model.design.relational.Index">
<ind_PK_UK id="02A16AA6-C56E-0E75-E52D-D8C880384B7E" name="Usterki_PK">
<createdBy>swide</createdBy>
<createdTime>2026-01-04 13:44:00 UTC</createdTime>
<generatorID>448B57EC-11C6-C50D-7095-E66EE0345582</generatorID>
<ownerDesignName>konceptponormalizacji</ownerDesignName>
<pk>true</pk>
<indexState>Primary Constraint</indexState>
<isSurrogateKey>false</isSurrogateKey>
<indexColumnUsage>
<colUsage columnID="C94773AB-C298-6615-295A-C511D369CB73"/>
</indexColumnUsage>
</ind_PK_UK>
<ind_PK_UK id="7E9D1CEE-1F6F-416C-CB8B-A56E4FA25437" name="Usterki_Pokoje_FK">
<createdBy>swide</createdBy>
<createdTime>2026-01-04 13:44:00 UTC</createdTime>
<generatorID>C2C551F5-37A1-3612-F6A0-4D7D4EE53ABF</generatorID>
<ownerDesignName>konceptponormalizacji</ownerDesignName>
<indexState>Foreign Key</indexState>
<isSurrogateKey>false</isSurrogateKey>
<indexColumnUsage>
<colUsage columnID="B38677E4-7961-22D8-793A-1BC4C65C1188"/>
</indexColumnUsage>
</ind_PK_UK>
<ind_PK_UK id="03F0DDB3-60C5-2BC3-13E2-2B95A29963EC" name="Usterki_Pracownicy_FK">
<createdBy>swide</createdBy>
<createdTime>2026-01-04 13:44:00 UTC</createdTime>
<generatorID>FDEC3CE4-FBF8-1394-F899-826410B2BB2D</generatorID>
<ownerDesignName>konceptponormalizacji</ownerDesignName>
<indexState>Foreign Key</indexState>
<isSurrogateKey>false</isSurrogateKey>
<indexColumnUsage>
<colUsage columnID="DD5B3DAB-B6AE-A227-4BF2-2EE299A5D09C"/>
</indexColumnUsage>
</ind_PK_UK>
<ind_PK_UK id="1556C876-C90C-A7F2-45B2-7B7A36958EA1" name="Usterki_Priorytet_naprawy_FK">
<createdBy>swide</createdBy>
<createdTime>2026-01-04 14:01:45 UTC</createdTime>
<generatorID>EB50E11A-C044-1AD8-421E-2439A2129E06</generatorID>
<ownerDesignName>konceptponormalizacji</ownerDesignName>
<indexState>Foreign Key</indexState>
<isSurrogateKey>false</isSurrogateKey>
<indexColumnUsage>
<colUsage columnID="6380FF92-CF2A-CDA8-E7AE-DEC5EE9A9CCE"/>
</indexColumnUsage>
</ind_PK_UK>
<ind_PK_UK id="587D907E-C07A-E926-8742-C2787B063E27" name="Usterki_Status_naprawy_FK">
<createdBy>swide</createdBy>
<createdTime>2026-01-04 14:01:45 UTC</createdTime>
<generatorID>5D4D7F2E-C47D-DDBC-5160-22D45020381E</generatorID>
<ownerDesignName>konceptponormalizacji</ownerDesignName>
<indexState>Foreign Key</indexState>
<isSurrogateKey>false</isSurrogateKey>
<indexColumnUsage>
<colUsage columnID="EFDD11C2-EB0C-3E24-5AF5-8BB88B7DC694"/>
</indexColumnUsage>
</ind_PK_UK>
</indexes>
</Table>