<?xml version = '1.0' encoding = 'UTF-8'?>
<Table class="oracle.dbtools.crest.model.design.relational.Table" directorySegmentName="seg_0" id="B8890D38-5114-7E8B-79C2-8A434DD751F6" name="Kody_pocztowe">
<createdBy>swide</createdBy>
<createdTime>2026-01-04 13:44:00 UTC</createdTime>
<generatorID>C0D2E8DF-8DF9-9B2D-C65B-DEB58D488D24</generatorID>
<ownerDesignName>konceptponormalizacji</ownerDesignName>
<allowColumnReorder>false</allowColumnReorder>
<existDependencyGenerateInDDl>true</existDependencyGenerateInDDl>
<parsed>true</parsed>
<columns itemClass="oracle.dbtools.crest.model.design.relational.Column">
<Column name="Kod_pocztowy" id="AA0CADB8-0644-232D-CB2E-2799B5B368F3">
<createdBy>swide</createdBy>
<createdTime>2026-01-04 13:44:00 UTC</createdTime>
<generatorID>60BFA4BF-4082-C3FB-CC04-DCFEFDE71942</generatorID>
<ownerDesignName>konceptponormalizacji</ownerDesignName>
<useDomainConstraints>false</useDomainConstraints>
<use>1</use>
<logicalDatatype>LOGDT024</logicalDatatype>
<dataTypeSize>15 BYTE</dataTypeSize>
<ownDataTypeParameters>15 BYTE,,</ownDataTypeParameters>
<autoIncrementCycle>false</autoIncrementCycle>
</Column>
<Column name="Miasta_ID_Miasta" id="A0E434D1-1005-BFD1-1A4D-A39007A64C70">
<createdBy>swide</createdBy>
<createdTime>2026-01-04 13:44:00 UTC</createdTime>
<generatorID>0973B394-05ED-CC0E-E053-F19BEF06CADB</generatorID>
<ownerDesignName>konceptponormalizacji</ownerDesignName>
<useDomainConstraints>false</useDomainConstraints>
<use>1</use>
<logicalDatatype>LOGDT011</logicalDatatype>
<ownDataTypeParameters>,,</ownDataTypeParameters>
<previousColumn>false</previousColumn>
<autoIncrementCycle>false</autoIncrementCycle>
<associations>
<colAssociation fkAssociation="A949069A-2887-DA2E-AD16-11F44EEA7053" referredColumn="F1937A0D-ABC3-68A2-C63B-791D2953FDD0"/>
</associations>
</Column>
</columns>
<indexes itemClass="oracle.dbtools.crest.model.design.relational.Index">
<ind_PK_UK id="33B1F833-B929-0916-53CD-F5D4D5AD0014" name="Kody_pocztowe_PK">
<createdBy>swide</createdBy>
<createdTime>2026-01-04 13:44:00 UTC</createdTime>
<generatorID>627BD8E8-23A0-61AB-272F-B07BDA6BA00A</generatorID>
<ownerDesignName>konceptponormalizacji</ownerDesignName>
<pk>true</pk>
<indexState>Primary Constraint</indexState>
<isSurrogateKey>false</isSurrogateKey>
<indexColumnUsage>
<colUsage columnID="AA0CADB8-0644-232D-CB2E-2799B5B368F3"/>
</indexColumnUsage>
</ind_PK_UK>
<ind_PK_UK id="94F10024-BD4A-BB93-F68D-5824CC698164" name="Kody_pocztowe_Miasta_FK">
<createdBy>swide</createdBy>
<createdTime>2026-01-04 13:44:00 UTC</createdTime>
<generatorID>5B6C979C-070B-BE41-86D1-0EE22307DF40</generatorID>
<ownerDesignName>konceptponormalizacji</ownerDesignName>
<indexState>Foreign Key</indexState>
<isSurrogateKey>false</isSurrogateKey>
<indexColumnUsage>
<colUsage columnID="A0E434D1-1005-BFD1-1A4D-A39007A64C70"/>
</indexColumnUsage>
</ind_PK_UK>
</indexes>
</Table>