<?xml version = '1.0' encoding = 'UTF-8'?>
<Table class="oracle.dbtools.crest.model.design.relational.Table" directorySegmentName="seg_0" id="C19275CE-BC6E-15EE-4D7A-76839604A620" name="Gosc">
<createdBy>swide</createdBy>
<createdTime>2026-01-04 13:44:00 UTC</createdTime>
<generatorID>C1BA7FE6-037A-4540-BF8B-15E5CFE66AC4</generatorID>
<ownerDesignName>konceptponormalizacji</ownerDesignName>
<allowColumnReorder>false</allowColumnReorder>
<existDependencyGenerateInDDl>true</existDependencyGenerateInDDl>
<parsed>true</parsed>
<columns itemClass="oracle.dbtools.crest.model.design.relational.Column">
<Column name="ID_Goscia" id="CFE66A97-0961-BE22-E76D-657EB5944835">
<createdBy>swide</createdBy>
<createdTime>2026-01-04 13:44:00 UTC</createdTime>
<generatorID>179C0083-8498-C4C8-9B71-36B7D5F14B9C</generatorID>
<ownerDesignName>konceptponormalizacji</ownerDesignName>
<useDomainConstraints>false</useDomainConstraints>
<use>1</use>
<logicalDatatype>LOGDT011</logicalDatatype>
<ownDataTypeParameters>,,</ownDataTypeParameters>
<autoIncrementCycle>false</autoIncrementCycle>
</Column>
<Column name="Imie" id="4B29ADAD-77A1-5986-EFCA-941FAD6D0273">
<createdBy>swide</createdBy>
<createdTime>2026-01-04 13:44:00 UTC</createdTime>
<generatorID>EC1E07EA-5603-D829-FC86-6E4F92CA1235</generatorID>
<ownerDesignName>konceptponormalizacji</ownerDesignName>
<useDomainConstraints>false</useDomainConstraints>
<use>1</use>
<logicalDatatype>LOGDT024</logicalDatatype>
<dataTypeSize>50 CHAR</dataTypeSize>
<ownDataTypeParameters>50 CHAR,,</ownDataTypeParameters>
<autoIncrementCycle>false</autoIncrementCycle>
</Column>
<Column name="Nazwisko" id="DF7B6A2E-58D0-F797-97D4-9338FB561E3E">
<createdBy>swide</createdBy>
<createdTime>2026-01-04 13:44:00 UTC</createdTime>
<generatorID>554541D6-0CD0-8315-6D51-C20051E78D1A</generatorID>
<ownerDesignName>konceptponormalizacji</ownerDesignName>
<nullsAllowed>true</nullsAllowed>
<useDomainConstraints>false</useDomainConstraints>
<use>1</use>
<logicalDatatype>LOGDT024</logicalDatatype>
<dataTypeSize>50 CHAR</dataTypeSize>
<ownDataTypeParameters>50 CHAR,,</ownDataTypeParameters>
<autoIncrementCycle>false</autoIncrementCycle>
</Column>
<Column name="Adres_email" id="39DE0BA5-7051-522F-ABA7-02393072393A">
<createdBy>swide</createdBy>
<createdTime>2026-01-04 13:44:00 UTC</createdTime>
<generatorID>935B0AB2-CA18-8B3D-91C7-D80B27CB1A6F</generatorID>
<ownerDesignName>konceptponormalizacji</ownerDesignName>
<nullsAllowed>true</nullsAllowed>
<useDomainConstraints>false</useDomainConstraints>
<use>1</use>
<logicalDatatype>LOGDT024</logicalDatatype>
<dataTypeSize>100 CHAR</dataTypeSize>
<ownDataTypeParameters>100 CHAR,,</ownDataTypeParameters>
<autoIncrementCycle>false</autoIncrementCycle>
</Column>
<Column name="Telefon" id="68A7DA2A-4DD0-7B73-BCDA-171FBE95F37C">
<createdBy>swide</createdBy>
<createdTime>2026-01-04 13:44:00 UTC</createdTime>
<generatorID>8FC2F212-69C3-FB8E-2BED-A0CAA5857FBF</generatorID>
<ownerDesignName>konceptponormalizacji</ownerDesignName>
<nullsAllowed>true</nullsAllowed>
<useDomainConstraints>false</useDomainConstraints>
<use>1</use>
<logicalDatatype>LOGDT024</logicalDatatype>
<dataTypeSize>15 CHAR</dataTypeSize>
<ownDataTypeParameters>15 CHAR,,</ownDataTypeParameters>
<autoIncrementCycle>false</autoIncrementCycle>
</Column>
<Column name="Numer_Dokumentu" id="5C91BC18-E9CC-88B6-9D64-0936F45E2316">
<createdBy>swide</createdBy>
<createdTime>2026-01-04 13:44:00 UTC</createdTime>
<generatorID>87C83459-CD9D-DB64-EB74-3227ED496D36</generatorID>
<ownerDesignName>konceptponormalizacji</ownerDesignName>
<nullsAllowed>true</nullsAllowed>
<useDomainConstraints>false</useDomainConstraints>
<use>1</use>
<logicalDatatype>LOGDT024</logicalDatatype>
<dataTypeSize>50 BYTE</dataTypeSize>
<ownDataTypeParameters>50 BYTE,,</ownDataTypeParameters>
<autoIncrementCycle>false</autoIncrementCycle>
</Column>
<Column name="Typ_dokumentu_Gosc_Typ_dokumentu" id="163A34EB-CD18-9C92-0CC2-60FD6E845A6C">
<createdBy>swide</createdBy>
<createdTime>2026-01-04 13:44:00 UTC</createdTime>
<generatorID>0D41CC1D-48B4-C221-0EB2-E9129588B4F8</generatorID>
<ownerDesignName>konceptponormalizacji</ownerDesignName>
<useDomainConstraints>false</useDomainConstraints>
<use>1</use>
<logicalDatatype>LOGDT011</logicalDatatype>
<ownDataTypeParameters>,,</ownDataTypeParameters>
<previousColumn>false</previousColumn>
<autoIncrementCycle>false</autoIncrementCycle>
<associations>
<colAssociation fkAssociation="B85532F6-FC31-3F52-62AD-F0A5FE6B26EC" referredColumn="A947B89A-8141-D19F-FDE9-65C82F73547C"/>
</associations>
</Column>
<Column name="Adresy_ID_Adresu" id="5C28368D-2BF5-8A58-2833-1AD21E69CD15">
<createdBy>swide</createdBy>
<createdTime>2026-01-04 13:44:00 UTC</createdTime>
<generatorID>8E9E8374-43A2-03FE-D7C2-E2D1622BD66C</generatorID>
<ownerDesignName>konceptponormalizacji</ownerDesignName>
<useDomainConstraints>false</useDomainConstraints>
<use>1</use>
<logicalDatatype>LOGDT011</logicalDatatype>
<ownDataTypeParameters>,,</ownDataTypeParameters>
<previousColumn>false</previousColumn>
<autoIncrementCycle>false</autoIncrementCycle>
<associations>
<colAssociation fkAssociation="0E9F644F-2B4F-2A63-ACBB-F37DE35338B1" referredColumn="2932EE6C-9789-18D7-9A9F-E1DB110C7657"/>
</associations>
</Column>
</columns>
<indexes itemClass="oracle.dbtools.crest.model.design.relational.Index">
<ind_PK_UK id="52A52B07-620A-EBD2-0E92-C6BB6E5BBEE0" name="Gosc_PK">
<createdBy>swide</createdBy>
<createdTime>2026-01-04 13:44:00 UTC</createdTime>
<generatorID>9D284EA8-68B6-AA87-59CF-EB2F6250AD3C</generatorID>
<ownerDesignName>konceptponormalizacji</ownerDesignName>
<pk>true</pk>
<indexState>Primary Constraint</indexState>
<isSurrogateKey>false</isSurrogateKey>
<indexColumnUsage>
<colUsage columnID="CFE66A97-0961-BE22-E76D-657EB5944835"/>
</indexColumnUsage>
</ind_PK_UK>
<ind_PK_UK id="066C9FD8-5A27-8AD3-1ED3-65B8ECD58B1B" name="Gosc__IDX">
<createdBy>swide</createdBy>
<createdTime>2026-01-04 13:44:00 UTC</createdTime>
<ownerDesignName>konceptponormalizacji</ownerDesignName>
<indexState>Unique Plain Index</indexState>
<isSurrogateKey>false</isSurrogateKey>
<relationGeneratorID>29EC2048-2F19-F519-DBC7-FC947E077D50</relationGeneratorID>
<indexColumnUsage>
<colUsage columnID="163A34EB-CD18-9C92-0CC2-60FD6E845A6C"/>
</indexColumnUsage>
</ind_PK_UK>
<ind_PK_UK id="DBFE981F-CF34-8FD7-EAA1-D0B764543FBA" name="Gosc__IDXv1">
<createdBy>swide</createdBy>
<createdTime>2026-01-04 13:44:00 UTC</createdTime>
<ownerDesignName>konceptponormalizacji</ownerDesignName>
<indexState>Unique Plain Index</indexState>
<isSurrogateKey>false</isSurrogateKey>
<relationGeneratorID>BF780DA2-4EBC-9565-FE3D-C43E6D0720E0</relationGeneratorID>
<indexColumnUsage>
<colUsage columnID="5C28368D-2BF5-8A58-2833-1AD21E69CD15"/>
</indexColumnUsage>
</ind_PK_UK>
<ind_PK_UK id="D8209962-C627-22B4-DCE4-E10559DC6124" name="Gosc_Typ_dokumentu_Gosc_FK">
<createdBy>swide</createdBy>
<createdTime>2026-01-04 13:44:00 UTC</createdTime>
<generatorID>29EC2048-2F19-F519-DBC7-FC947E077D50</generatorID>
<ownerDesignName>konceptponormalizacji</ownerDesignName>
<indexState>Foreign Key</indexState>
<isSurrogateKey>false</isSurrogateKey>
<indexColumnUsage>
<colUsage columnID="163A34EB-CD18-9C92-0CC2-60FD6E845A6C"/>
</indexColumnUsage>
</ind_PK_UK>
<ind_PK_UK id="E7552070-1466-8A64-A44C-FA4C6FD62142" name="Gosc_Adresy_FK">
<createdBy>swide</createdBy>
<createdTime>2026-01-04 13:44:00 UTC</createdTime>
<generatorID>BF780DA2-4EBC-9565-FE3D-C43E6D0720E0</generatorID>
<ownerDesignName>konceptponormalizacji</ownerDesignName>
<indexState>Foreign Key</indexState>
<isSurrogateKey>false</isSurrogateKey>
<indexColumnUsage>
<colUsage columnID="5C28368D-2BF5-8A58-2833-1AD21E69CD15"/>
</indexColumnUsage>
</ind_PK_UK>
</indexes>
</Table>