<?xml version = '1.0' encoding = 'UTF-8'?>
<Table class="oracle.dbtools.crest.model.design.relational.Table" directorySegmentName="seg_0" id="C1EDD651-E39B-AFC5-53F0-94E7D83C56C2" name="Restauracja">
<createdBy>swide</createdBy>
<createdTime>2026-01-04 13:44:00 UTC</createdTime>
<generatorID>7969D496-5F67-8477-B2A9-23849FE84EF0</generatorID>
<ownerDesignName>konceptponormalizacji</ownerDesignName>
<allowColumnReorder>false</allowColumnReorder>
<existDependencyGenerateInDDl>true</existDependencyGenerateInDDl>
<parsed>true</parsed>
<columns itemClass="oracle.dbtools.crest.model.design.relational.Column">
<Column name="ID_Usluga" id="C39E7657-0EEA-4BF7-767C-BB6673DE2BEF">
<createdBy>swide</createdBy>
<createdTime>2026-01-04 13:44:00 UTC</createdTime>
<generatorID>1EBD0407-2FD2-F80F-0B0C-572D369070D9</generatorID>
<ownerDesignName>konceptponormalizacji</ownerDesignName>
<useDomainConstraints>false</useDomainConstraints>
<use>1</use>
<logicalDatatype>LOGDT011</logicalDatatype>
<ownDataTypeParameters>,,</ownDataTypeParameters>
<autoIncrementCycle>false</autoIncrementCycle>
<associations>
<colAssociation fkAssociation="6B30B9C5-097A-68B4-E607-EF2B99D50A23" referredColumn="5A3D6627-0876-C7C7-B56C-C02128FC15A0"/>
</associations>
</Column>
<Column name="ID_Restauracja" id="AFBA647B-EADF-AEE3-5E7F-4B0838AC7E12">
<createdBy>swide</createdBy>
<createdTime>2026-01-04 13:44:00 UTC</createdTime>
<generatorID>A2D4DCEE-A778-85B3-08C1-FD1BC4A479B1</generatorID>
<ownerDesignName>konceptponormalizacji</ownerDesignName>
<useDomainConstraints>false</useDomainConstraints>
<use>1</use>
<logicalDatatype>LOGDT011</logicalDatatype>
<ownDataTypeParameters>,,</ownDataTypeParameters>
<autoIncrementCycle>false</autoIncrementCycle>
</Column>
<Column name="numer_stolika" id="1D369C09-7B6B-341F-92BF-44AC4CE6F2F5">
<createdBy>swide</createdBy>
<createdTime>2026-01-04 13:44:00 UTC</createdTime>
<generatorID>168E00BC-2ABF-AE47-6649-07C0705927AC</generatorID>
<ownerDesignName>konceptponormalizacji</ownerDesignName>
<nullsAllowed>true</nullsAllowed>
<useDomainConstraints>false</useDomainConstraints>
<use>1</use>
<logicalDatatype>LOGDT011</logicalDatatype>
<ownDataTypeParameters>,,</ownDataTypeParameters>
<autoIncrementCycle>false</autoIncrementCycle>
</Column>
<Column name="data_realizacji" id="236828DB-D037-E6D6-6E3A-EA34FB17FA0C">
<createdBy>swide</createdBy>
<createdTime>2026-01-04 14:02:18 UTC</createdTime>
<generatorID>C1FC77D8-328B-829C-6188-2FF7D58CC4F2</generatorID>
<ownerDesignName>konceptponormalizacji</ownerDesignName>
<nullsAllowed>true</nullsAllowed>
<useDomainConstraints>false</useDomainConstraints>
<use>1</use>
<logicalDatatype>LOGDT007</logicalDatatype>
<ownDataTypeParameters>,,</ownDataTypeParameters>
<autoIncrementCycle>false</autoIncrementCycle>
</Column>
<Column name="godzina_realizacji" id="089676DF-0503-2FE0-66D8-B3E3BA251C20">
<createdBy>swide</createdBy>
<createdTime>2026-01-04 14:02:18 UTC</createdTime>
<generatorID>317D44C7-811E-B194-BE73-C0099ED52E78</generatorID>
<ownerDesignName>konceptponormalizacji</ownerDesignName>
<nullsAllowed>true</nullsAllowed>
<useDomainConstraints>false</useDomainConstraints>
<use>1</use>
<logicalDatatype>LOGDT014</logicalDatatype>
<ownDataTypeParameters>,,</ownDataTypeParameters>
<autoIncrementCycle>false</autoIncrementCycle>
</Column>
<Column name="kwota_brutto" id="CF0B6970-F612-29E6-3034-F9B9DD286A21">
<createdBy>swide</createdBy>
<createdTime>2026-01-04 14:02:18 UTC</createdTime>
<generatorID>7BE0DCEC-B7F8-CD3E-9BE7-762FB5FC46B0</generatorID>
<ownerDesignName>konceptponormalizacji</ownerDesignName>
<nullsAllowed>true</nullsAllowed>
<useDomainConstraints>false</useDomainConstraints>
<use>1</use>
<logicalDatatype>LOGDT021</logicalDatatype>
<dataTypePrecision>5</dataTypePrecision>
<dataTypeScale>2</dataTypeScale>
<ownDataTypeParameters>,5,2</ownDataTypeParameters>
<autoIncrementCycle>false</autoIncrementCycle>
</Column>
<Column name="ID_Typ_Uslugi" id="9BC6EC13-2006-89A3-82F8-EF6C5094AF07">
<createdBy>swide</createdBy>
<createdTime>2026-01-04 14:02:18 UTC</createdTime>
<generatorID>D29A3BC8-7DCF-A576-413F-3C32C3C4C277</generatorID>
<ownerDesignName>konceptponormalizacji</ownerDesignName>
<useDomainConstraints>false</useDomainConstraints>
<use>1</use>
<logicalDatatype>LOGDT011</logicalDatatype>
<ownDataTypeParameters>,,</ownDataTypeParameters>
<previousColumn>false</previousColumn>
<autoIncrementCycle>false</autoIncrementCycle>
</Column>
</columns>
<indexes itemClass="oracle.dbtools.crest.model.design.relational.Index">
<ind_PK_UK id="E0CD6E04-6896-48BC-8C74-CCDDCF9F1DDD" name="Restauracja_PK">
<createdBy>swide</createdBy>
<createdTime>2026-01-04 13:44:00 UTC</createdTime>
<generatorID>E3E2F2BE-8BD8-BF04-51BB-C5FEF5460E9B</generatorID>
<ownerDesignName>konceptponormalizacji</ownerDesignName>
<pk>true</pk>
<indexState>Primary Constraint</indexState>
<isSurrogateKey>false</isSurrogateKey>
<indexColumnUsage>
<colUsage columnID="C39E7657-0EEA-4BF7-767C-BB6673DE2BEF"/>
</indexColumnUsage>
</ind_PK_UK>
<ind_PK_UK id="95BD4832-6315-29D4-CE7F-15D512A164B7" name="Restauracja_PKv1">
<createdBy>swide</createdBy>
<createdTime>2026-01-04 13:44:00 UTC</createdTime>
<generatorID>93062876-30BC-1C0C-925C-05C01C20B899</generatorID>
<ownerDesignName>konceptponormalizacji</ownerDesignName>
<indexState>Unique Constraint</indexState>
<isSurrogateKey>false</isSurrogateKey>
<indexColumnUsage>
<colUsage columnID="AFBA647B-EADF-AEE3-5E7F-4B0838AC7E12"/>
</indexColumnUsage>
</ind_PK_UK>
<ind_PK_UK id="6AD90B22-EB21-B01C-0590-C214D3752AA0" name="Restauracja_Usluga_FK">
<createdBy>swide</createdBy>
<createdTime>2026-01-04 13:44:00 UTC</createdTime>
<generatorID>26D31948-4FC1-38BD-CB7E-22670D9E08C6</generatorID>
<ownerDesignName>konceptponormalizacji</ownerDesignName>
<indexState>Foreign Key</indexState>
<isSurrogateKey>false</isSurrogateKey>
<indexColumnUsage>
<colUsage columnID="C39E7657-0EEA-4BF7-767C-BB6673DE2BEF"/>
</indexColumnUsage>
</ind_PK_UK>
</indexes>
</Table>