<?xml version = '1.0' encoding = 'UTF-8'?>
<Table class="oracle.dbtools.crest.model.design.relational.Table" directorySegmentName="seg_0" id="E9BE8A08-D951-C779-7DCA-E34458285A1F" name="Pozycje_zamowienia">
<createdBy>swide</createdBy>
<createdTime>2026-01-04 13:44:00 UTC</createdTime>
<generatorID>E75D8613-2B54-F485-F605-4980DFB3CF16</generatorID>
<ownerDesignName>konceptponormalizacji</ownerDesignName>
<allowColumnReorder>false</allowColumnReorder>
<existDependencyGenerateInDDl>true</existDependencyGenerateInDDl>
<parsed>true</parsed>
<columns itemClass="oracle.dbtools.crest.model.design.relational.Column">
<Column name="ID_Poz" id="043DCE75-7420-A720-87CB-0852311FDD6E">
<createdBy>swide</createdBy>
<createdTime>2026-01-04 13:44:00 UTC</createdTime>
<generatorID>C5C35F34-0DB4-11AA-D11F-81F2956D1111</generatorID>
<ownerDesignName>konceptponormalizacji</ownerDesignName>
<useDomainConstraints>false</useDomainConstraints>
<use>1</use>
<logicalDatatype>LOGDT011</logicalDatatype>
<ownDataTypeParameters>,,</ownDataTypeParameters>
<autoIncrementCycle>false</autoIncrementCycle>
</Column>
<Column name="Ilosc" id="490E21B6-75D0-AC7E-3E58-B99F491522DA">
<createdBy>swide</createdBy>
<createdTime>2026-01-04 13:44:00 UTC</createdTime>
<generatorID>6B1B2D43-FFB2-678E-0DAF-E9F25ABA1BD0</generatorID>
<ownerDesignName>konceptponormalizacji</ownerDesignName>
<nullsAllowed>true</nullsAllowed>
<useDomainConstraints>false</useDomainConstraints>
<use>1</use>
<logicalDatatype>LOGDT011</logicalDatatype>
<ownDataTypeParameters>,,</ownDataTypeParameters>
<autoIncrementCycle>false</autoIncrementCycle>
</Column>
<Column name="Cena" id="CE518C26-8B14-A019-0A35-56D65782F580">
<createdBy>swide</createdBy>
<createdTime>2026-01-04 13:44:00 UTC</createdTime>
<generatorID>6F006E5D-0AA1-8E95-764E-ACFE9C603E60</generatorID>
<ownerDesignName>konceptponormalizacji</ownerDesignName>
<nullsAllowed>true</nullsAllowed>
<useDomainConstraints>false</useDomainConstraints>
<use>1</use>
<logicalDatatype>LOGDT021</logicalDatatype>
<dataTypePrecision>5</dataTypePrecision>
<dataTypeScale>2</dataTypeScale>
<ownDataTypeParameters>,5,2</ownDataTypeParameters>
<autoIncrementCycle>false</autoIncrementCycle>
</Column>
<Column name="Menu_ID_Dania" id="3E3281E2-B88D-0D48-5867-2D004EAB6651">
<createdBy>swide</createdBy>
<createdTime>2026-01-04 13:44:00 UTC</createdTime>
<generatorID>13FCF323-F536-02BA-CCB3-553ECEB39675</generatorID>
<ownerDesignName>konceptponormalizacji</ownerDesignName>
<useDomainConstraints>false</useDomainConstraints>
<use>1</use>
<logicalDatatype>LOGDT011</logicalDatatype>
<ownDataTypeParameters>,,</ownDataTypeParameters>
<previousColumn>false</previousColumn>
<autoIncrementCycle>false</autoIncrementCycle>
<associations>
<colAssociation fkAssociation="97F4CAC4-8F6B-8372-E282-92AF79B89113" referredColumn="D23AB731-1CEE-93FB-D620-A3A6CB6BA520"/>
</associations>
</Column>
<Column name="Restauracja_ID_Restauracja" id="F9F2B7D9-8326-0E48-1A5E-08B9D71E51B2">
<createdBy>swide</createdBy>
<createdTime>2026-01-04 13:44:00 UTC</createdTime>
<generatorID>99FD5861-8076-0468-EFEF-E7A4F2BF1967</generatorID>
<ownerDesignName>konceptponormalizacji</ownerDesignName>
<useDomainConstraints>false</useDomainConstraints>
<use>1</use>
<logicalDatatype>LOGDT011</logicalDatatype>
<ownDataTypeParameters>,,</ownDataTypeParameters>
<previousColumn>false</previousColumn>
<autoIncrementCycle>false</autoIncrementCycle>
<associations>
<colAssociation fkAssociation="658BAFDF-3E84-6014-D4AE-8C3106EB3153" referredColumn="AFBA647B-EADF-AEE3-5E7F-4B0838AC7E12"/>
</associations>
</Column>
</columns>
<indexes itemClass="oracle.dbtools.crest.model.design.relational.Index">
<ind_PK_UK id="E53D91F9-413D-DB8C-36BF-66E89187F748" name="Pozycje_zamowienia_PK">
<createdBy>swide</createdBy>
<createdTime>2026-01-04 13:44:00 UTC</createdTime>
<generatorID>6F0B63B9-7EF4-D8F5-BB1A-FA4A7CB7623B</generatorID>
<ownerDesignName>konceptponormalizacji</ownerDesignName>
<pk>true</pk>
<indexState>Primary Constraint</indexState>
<isSurrogateKey>false</isSurrogateKey>
<indexColumnUsage>
<colUsage columnID="043DCE75-7420-A720-87CB-0852311FDD6E"/>
</indexColumnUsage>
</ind_PK_UK>
<ind_PK_UK id="00F6EE14-1B8F-5B0F-32A5-ABAC0E0CA261" name="Pozycje_zamowienia_Menu_FK">
<createdBy>swide</createdBy>
<createdTime>2026-01-04 13:44:00 UTC</createdTime>
<generatorID>8AE3B9E9-37D4-2C38-24F4-290470199D47</generatorID>
<ownerDesignName>konceptponormalizacji</ownerDesignName>
<indexState>Foreign Key</indexState>
<isSurrogateKey>false</isSurrogateKey>
<indexColumnUsage>
<colUsage columnID="3E3281E2-B88D-0D48-5867-2D004EAB6651"/>
</indexColumnUsage>
</ind_PK_UK>
<ind_PK_UK id="56C104AE-A588-A3D0-CBFC-F46DE70A1BC4" name="Pozycje_zamowienia_Restauracja_FK">
<createdBy>swide</createdBy>
<createdTime>2026-01-04 13:44:00 UTC</createdTime>
<generatorID>496F9521-1964-B4D3-0898-0ADC92D3C446</generatorID>
<ownerDesignName>konceptponormalizacji</ownerDesignName>
<indexState>Foreign Key</indexState>
<isSurrogateKey>false</isSurrogateKey>
<indexColumnUsage>
<colUsage columnID="F9F2B7D9-8326-0E48-1A5E-08B9D71E51B2"/>
</indexColumnUsage>
</ind_PK_UK>
</indexes>
</Table>