<?xml version = '1.0' encoding = 'UTF-8'?>
<Table class="oracle.dbtools.crest.model.design.relational.Table" directorySegmentName="seg_0" id="F966180B-0D52-2619-FE64-901F9E19FA70" name="Rezerwacje">
<createdBy>swide</createdBy>
<createdTime>2026-01-04 13:44:00 UTC</createdTime>
<generatorID>830A01DD-A276-F72A-89D9-CA4E3550321C</generatorID>
<ownerDesignName>konceptponormalizacji</ownerDesignName>
<allowColumnReorder>false</allowColumnReorder>
<existDependencyGenerateInDDl>true</existDependencyGenerateInDDl>
<parsed>true</parsed>
<columns itemClass="oracle.dbtools.crest.model.design.relational.Column">
<Column name="ID_Rezerwacji" id="44B9272A-8975-19E3-B7BB-79C9E57A5E56">
<createdBy>swide</createdBy>
<createdTime>2026-01-04 13:44:00 UTC</createdTime>
<generatorID>01D47BFA-A1FE-F837-DFFB-32CC0B4B1D03</generatorID>
<ownerDesignName>konceptponormalizacji</ownerDesignName>
<useDomainConstraints>false</useDomainConstraints>
<use>1</use>
<logicalDatatype>LOGDT011</logicalDatatype>
<ownDataTypeParameters>,,</ownDataTypeParameters>
<autoIncrementCycle>false</autoIncrementCycle>
</Column>
<Column name="Data_od" id="EE0474DA-56AA-9C51-D716-73045BBCB317">
<createdBy>swide</createdBy>
<createdTime>2026-01-04 13:44:00 UTC</createdTime>
<generatorID>E42AAD02-75D0-DBD6-A0A4-2458BFD9E28B</generatorID>
<ownerDesignName>konceptponormalizacji</ownerDesignName>
<nullsAllowed>true</nullsAllowed>
<useDomainConstraints>false</useDomainConstraints>
<use>1</use>
<logicalDatatype>LOGDT008</logicalDatatype>
<ownDataTypeParameters>,,</ownDataTypeParameters>
<autoIncrementCycle>false</autoIncrementCycle>
</Column>
<Column name="Data_do" id="E1F7196C-4976-771D-2EE2-6837EF7DF04F">
<createdBy>swide</createdBy>
<createdTime>2026-01-04 13:44:00 UTC</createdTime>
<generatorID>413A1E5C-CE7C-23BB-D78E-2415FC59CD7D</generatorID>
<ownerDesignName>konceptponormalizacji</ownerDesignName>
<nullsAllowed>true</nullsAllowed>
<useDomainConstraints>false</useDomainConstraints>
<use>1</use>
<logicalDatatype>LOGDT008</logicalDatatype>
<ownDataTypeParameters>,,</ownDataTypeParameters>
<autoIncrementCycle>false</autoIncrementCycle>
</Column>
<Column name="Gosc_ID_Goscia" id="81EE8104-8CB0-A7D8-4731-24E5D86B44D3">
<createdBy>swide</createdBy>
<createdTime>2026-01-04 13:44:00 UTC</createdTime>
<generatorID>23687752-4B62-632A-A762-16C3E4CBBE6D</generatorID>
<ownerDesignName>konceptponormalizacji</ownerDesignName>
<useDomainConstraints>false</useDomainConstraints>
<use>1</use>
<logicalDatatype>LOGDT011</logicalDatatype>
<ownDataTypeParameters>,,</ownDataTypeParameters>
<previousColumn>false</previousColumn>
<autoIncrementCycle>false</autoIncrementCycle>
<associations>
<colAssociation fkAssociation="1E8A3A2F-704C-DA37-84C5-EE2EAFE47EEC" referredColumn="CFE66A97-0961-BE22-E76D-657EB5944835"/>
</associations>
</Column>
<Column name="Data_zlozenia" id="11555DE5-9284-1F6A-FB8B-FBC82C09476B">
<createdBy>swide</createdBy>
<createdTime>2026-01-04 13:44:00 UTC</createdTime>
<generatorID>FD425E03-5B9E-0E79-AEBA-67968FFA283A</generatorID>
<ownerDesignName>konceptponormalizacji</ownerDesignName>
<nullsAllowed>true</nullsAllowed>
<useDomainConstraints>false</useDomainConstraints>
<use>1</use>
<logicalDatatype>LOGDT007</logicalDatatype>
<ownDataTypeParameters>,,</ownDataTypeParameters>
<autoIncrementCycle>false</autoIncrementCycle>
</Column>
<Column name="Liczba_osob" id="769066E4-41A1-D17F-2447-2F9CEA38EBE1">
<createdBy>swide</createdBy>
<createdTime>2026-01-04 13:44:00 UTC</createdTime>
<generatorID>DAD7EFB6-3FF2-27D2-0143-104CF7937F6F</generatorID>
<ownerDesignName>konceptponormalizacji</ownerDesignName>
<nullsAllowed>true</nullsAllowed>
<useDomainConstraints>false</useDomainConstraints>
<use>1</use>
<logicalDatatype>LOGDT011</logicalDatatype>
<ownDataTypeParameters>,,</ownDataTypeParameters>
<autoIncrementCycle>false</autoIncrementCycle>
</Column>
<Column name="Kategoria_pokoju_ID_kategorii" id="91CCA02E-B321-D6AF-7024-C5BB83EA91D0">
<createdBy>swide</createdBy>
<createdTime>2026-01-04 13:44:00 UTC</createdTime>
<generatorID>9EA7BFD7-89F5-10D0-7B08-DBFE3AE33BF4</generatorID>
<ownerDesignName>konceptponormalizacji</ownerDesignName>
<useDomainConstraints>false</useDomainConstraints>
<use>1</use>
<logicalDatatype>LOGDT011</logicalDatatype>
<ownDataTypeParameters>,,</ownDataTypeParameters>
<previousColumn>false</previousColumn>
<autoIncrementCycle>false</autoIncrementCycle>
<associations>
<colAssociation fkAssociation="BA51EB64-96F8-BF2D-9165-D9D347CD2D1E" referredColumn="FCD8C6B0-CA8D-FAA9-8023-60054CC9F1A3"/>
</associations>
</Column>
<Column name="Kaucje_ID_Kaucji" id="54552917-3814-3E9A-CD7A-A1E0382E11AF">
<createdBy>swide</createdBy>
<createdTime>2026-01-04 13:44:00 UTC</createdTime>
<generatorID>DBDF4B19-4427-917F-99CA-90306F60E685</generatorID>
<ownerDesignName>konceptponormalizacji</ownerDesignName>
<useDomainConstraints>false</useDomainConstraints>
<use>1</use>
<logicalDatatype>LOGDT011</logicalDatatype>
<ownDataTypeParameters>,,</ownDataTypeParameters>
<previousColumn>false</previousColumn>
<autoIncrementCycle>false</autoIncrementCycle>
<associations>
<colAssociation fkAssociation="C9E1A647-AF91-F227-15A0-B90A0DBC2455" referredColumn="139F6BEF-5B24-D7F9-1988-62369523FB3B"/>
</associations>
</Column>
<Column name="Status_Rezerwacji_ID_Statusu_Rezerwacji" id="FFA04F4C-ECF8-9985-22DC-A78F6B6C8C99">
<createdBy>swide</createdBy>
<createdTime>2026-01-04 13:44:00 UTC</createdTime>
<generatorID>9BF64CD7-59CF-ED42-4AE6-B2FB068AC3D1</generatorID>
<ownerDesignName>konceptponormalizacji</ownerDesignName>
<useDomainConstraints>false</useDomainConstraints>
<use>1</use>
<logicalDatatype>LOGDT011</logicalDatatype>
<ownDataTypeParameters>,,</ownDataTypeParameters>
<previousColumn>false</previousColumn>
<autoIncrementCycle>false</autoIncrementCycle>
<associations>
<colAssociation fkAssociation="8DF42332-C34F-6DFF-5AB1-D1CE5A206184" referredColumn="2FDD10E0-7475-E383-A042-EE87C47A4E17"/>
</associations>
</Column>
</columns>
<indexes itemClass="oracle.dbtools.crest.model.design.relational.Index">
<ind_PK_UK id="04120ABF-CE76-925A-0817-592B98C7996D" name="Rezerwacje_PK">
<createdBy>swide</createdBy>
<createdTime>2026-01-04 13:44:00 UTC</createdTime>
<generatorID>07CFE30F-8669-C48A-1BA8-B02E6566FCFC</generatorID>
<ownerDesignName>konceptponormalizacji</ownerDesignName>
<pk>true</pk>
<indexState>Primary Constraint</indexState>
<isSurrogateKey>false</isSurrogateKey>
<indexColumnUsage>
<colUsage columnID="44B9272A-8975-19E3-B7BB-79C9E57A5E56"/>
</indexColumnUsage>
</ind_PK_UK>
<ind_PK_UK id="42513855-37CB-7020-6770-5FD994571E55" name="Rezerwacje__IDX">
<createdBy>swide</createdBy>
<createdTime>2026-01-04 13:44:00 UTC</createdTime>
<ownerDesignName>konceptponormalizacji</ownerDesignName>
<indexState>Unique Plain Index</indexState>
<isSurrogateKey>false</isSurrogateKey>
<relationGeneratorID>D793B3B3-DF8E-CA63-EDCA-1D352F8BBF38</relationGeneratorID>
<indexColumnUsage>
<colUsage columnID="54552917-3814-3E9A-CD7A-A1E0382E11AF"/>
</indexColumnUsage>
</ind_PK_UK>
<ind_PK_UK id="E4EDFB9A-95E3-4736-6304-8C1C9E273ED9" name="Rezerwacje_Gosc_FK">
<createdBy>swide</createdBy>
<createdTime>2026-01-04 13:44:00 UTC</createdTime>
<generatorID>704A894F-0FEA-5A91-F8D0-7CE239AC9AB8</generatorID>
<ownerDesignName>konceptponormalizacji</ownerDesignName>
<indexState>Foreign Key</indexState>
<isSurrogateKey>false</isSurrogateKey>
<indexColumnUsage>
<colUsage columnID="81EE8104-8CB0-A7D8-4731-24E5D86B44D3"/>
</indexColumnUsage>
</ind_PK_UK>
<ind_PK_UK id="A12CEFF1-FBE1-935F-9672-4382F9C1C0DD" name="Rezerwacje_Kategoria_pokoju_FK">
<createdBy>swide</createdBy>
<createdTime>2026-01-04 13:44:00 UTC</createdTime>
<generatorID>52608D22-73A7-AD9B-6BBA-150D0DCF068D</generatorID>
<ownerDesignName>konceptponormalizacji</ownerDesignName>
<indexState>Foreign Key</indexState>
<isSurrogateKey>false</isSurrogateKey>
<indexColumnUsage>
<colUsage columnID="91CCA02E-B321-D6AF-7024-C5BB83EA91D0"/>
</indexColumnUsage>
</ind_PK_UK>
<ind_PK_UK id="7FB5515F-A5CA-45FD-414A-2C4D851F2A9C" name="Rezerwacje_Status_Rezerwacji_FK">
<createdBy>swide</createdBy>
<createdTime>2026-01-04 13:44:00 UTC</createdTime>
<generatorID>7CE5D3A9-59F9-1021-E65E-815B00294C76</generatorID>
<ownerDesignName>konceptponormalizacji</ownerDesignName>
<indexState>Foreign Key</indexState>
<isSurrogateKey>false</isSurrogateKey>
<indexColumnUsage>
<colUsage columnID="FFA04F4C-ECF8-9985-22DC-A78F6B6C8C99"/>
</indexColumnUsage>
</ind_PK_UK>
<ind_PK_UK id="857AEF37-7E0F-9796-3031-A016DF2ECEE3" name="Rezerwacje_Kaucje_FK">
<createdBy>swide</createdBy>
<createdTime>2026-01-04 14:02:18 UTC</createdTime>
<generatorID>D793B3B3-DF8E-CA63-EDCA-1D352F8BBF38</generatorID>
<ownerDesignName>konceptponormalizacji</ownerDesignName>
<indexState>Foreign Key</indexState>
<isSurrogateKey>false</isSurrogateKey>
<indexColumnUsage>
<colUsage columnID="54552917-3814-3E9A-CD7A-A1E0382E11AF"/>
</indexColumnUsage>
</ind_PK_UK>
</indexes>
</Table>