<?xml version = '1.0' encoding = 'UTF-8'?>
<Entity class="oracle.dbtools.crest.model.design.logical.Entity" directorySegmentName="seg_0" id="830A01DD-A276-F72A-89D9-CA4E3550321C" name="Rezerwacje">
<createdBy>qb</createdBy>
<createdTime>2025-12-02 13:13:54 UTC</createdTime>
<ownerDesignName>konceptponormalizacji</ownerDesignName>
<engineerTo>
<item key="D0F540F1-9674-2547-A352-47BE0605ACC9" value="true"/>
</engineerTo>
<adequatelyNormalized>NO</adequatelyNormalized>
<expectedVolumes>0</expectedVolumes>
<fwdEngineeringStrategyName>Single Table</fwdEngineeringStrategyName>
<growthPercent>0</growthPercent>
<growthType>Year</growthType>
<maxVolumes>9999999</maxVolumes>
<minVolumes>0</minVolumes>
<normalForm>Third</normalForm>
<attributes itemClass="oracle.dbtools.crest.model.design.logical.Attribute">
<Attribute name="ID_Rezerwacji" id="01D47BFA-A1FE-F837-DFFB-32CC0B4B1D03">
<createdBy>swide</createdBy>
<createdTime>2025-12-07 13:28:47 UTC</createdTime>
<ownerDesignName>konceptponormalizacji</ownerDesignName>
<engineerTo>
<item key="D0F540F1-9674-2547-A352-47BE0605ACC9" value="true"/>
</engineerTo>
<useDomainConstraints>false</useDomainConstraints>
<use>1</use>
<logicalDatatype>LOGDT011</logicalDatatype>
<ownDataTypeParameters>,,</ownDataTypeParameters>
</Attribute>
<Attribute name="Data_od" id="E42AAD02-75D0-DBD6-A0A4-2458BFD9E28B">
<createdBy>swide</createdBy>
<createdTime>2025-12-07 13:31:16 UTC</createdTime>
<ownerDesignName>konceptponormalizacji</ownerDesignName>
<engineerTo>
<item key="D0F540F1-9674-2547-A352-47BE0605ACC9" value="true"/>
</engineerTo>
<nullsAllowed>true</nullsAllowed>
<useDomainConstraints>false</useDomainConstraints>
<use>1</use>
<logicalDatatype>LOGDT008</logicalDatatype>
<ownDataTypeParameters>,,</ownDataTypeParameters>
</Attribute>
<Attribute name="Data_do" id="413A1E5C-CE7C-23BB-D78E-2415FC59CD7D">
<createdBy>swide</createdBy>
<createdTime>2025-12-07 13:31:30 UTC</createdTime>
<ownerDesignName>konceptponormalizacji</ownerDesignName>
<engineerTo>
<item key="D0F540F1-9674-2547-A352-47BE0605ACC9" value="true"/>
</engineerTo>
<nullsAllowed>true</nullsAllowed>
<useDomainConstraints>false</useDomainConstraints>
<use>1</use>
<logicalDatatype>LOGDT008</logicalDatatype>
<ownDataTypeParameters>,,</ownDataTypeParameters>
</Attribute>
<Attribute name="ID_Goscia" id="23687752-4B62-632A-A762-16C3E4CBBE6D">
<createdBy>Kuba</createdBy>
<createdTime>2025-12-07 18:44:34 UTC</createdTime>
<generatorID>704A894F-0FEA-5A91-F8D0-7CE239AC9AB8</generatorID>
<ownerDesignName>konceptponormalizacji</ownerDesignName>
<engineerTo>
<item key="D0F540F1-9674-2547-A352-47BE0605ACC9" value="true"/>
</engineerTo>
<referedAttribute>179C0083-8498-C4C8-9B71-36B7D5F14B9C</referedAttribute>
<useDomainConstraints>false</useDomainConstraints>
<use>1</use>
<logicalDatatype>LOGDT011</logicalDatatype>
<ownDataTypeParameters>,,</ownDataTypeParameters>
</Attribute>
<Attribute name="Data_zlozenia" id="FD425E03-5B9E-0E79-AEBA-67968FFA283A">
<createdBy>Kuba</createdBy>
<createdTime>2025-12-07 19:53:38 UTC</createdTime>
<ownerDesignName>konceptponormalizacji</ownerDesignName>
<engineerTo>
<item key="D0F540F1-9674-2547-A352-47BE0605ACC9" value="true"/>
</engineerTo>
<nullsAllowed>true</nullsAllowed>
<useDomainConstraints>false</useDomainConstraints>
<use>1</use>
<logicalDatatype>LOGDT007</logicalDatatype>
<ownDataTypeParameters>,,</ownDataTypeParameters>
</Attribute>
<Attribute name="Liczba_osob" id="DAD7EFB6-3FF2-27D2-0143-104CF7937F6F">
<createdBy>Kuba</createdBy>
<createdTime>2025-12-07 19:54:09 UTC</createdTime>
<ownerDesignName>konceptponormalizacji</ownerDesignName>
<engineerTo>
<item key="D0F540F1-9674-2547-A352-47BE0605ACC9" value="true"/>
</engineerTo>
<nullsAllowed>true</nullsAllowed>
<useDomainConstraints>false</useDomainConstraints>
<use>1</use>
<logicalDatatype>LOGDT011</logicalDatatype>
<ownDataTypeParameters>,,</ownDataTypeParameters>
</Attribute>
<Attribute name="ID_kategorii" id="9EA7BFD7-89F5-10D0-7B08-DBFE3AE33BF4">
<createdBy>Kuba</createdBy>
<createdTime>2025-12-07 20:15:07 UTC</createdTime>
<generatorID>52608D22-73A7-AD9B-6BBA-150D0DCF068D</generatorID>
<ownerDesignName>konceptponormalizacji</ownerDesignName>
<engineerTo>
<item key="D0F540F1-9674-2547-A352-47BE0605ACC9" value="true"/>
</engineerTo>
<referedAttribute>1C6E17EA-40D2-5FF1-9E7C-EAA83802B094</referedAttribute>
<useDomainConstraints>false</useDomainConstraints>
<use>1</use>
<logicalDatatype>LOGDT011</logicalDatatype>
<ownDataTypeParameters>,,</ownDataTypeParameters>
</Attribute>
<Attribute name="ID_Kaucji" id="DBDF4B19-4427-917F-99CA-90306F60E685">
<createdBy>Kuba</createdBy>
<createdTime>2025-12-08 12:34:39 UTC</createdTime>
<generatorID>D793B3B3-DF8E-CA63-EDCA-1D352F8BBF38</generatorID>
<ownerDesignName>konceptponormalizacji</ownerDesignName>
<engineerTo>
<item key="D0F540F1-9674-2547-A352-47BE0605ACC9" value="true"/>
</engineerTo>
<referedAttribute>0017A4C1-EE77-B40D-32F1-4E58F5C2FDE5</referedAttribute>
<useDomainConstraints>false</useDomainConstraints>
<use>1</use>
<logicalDatatype>LOGDT011</logicalDatatype>
<ownDataTypeParameters>,,</ownDataTypeParameters>
</Attribute>
<Attribute name="ID_Statusu_Rezerwacji" id="39A533CE-2909-A8A2-096E-AF91B6C1D548">
<createdBy>swide</createdBy>
<createdTime>2026-01-03 21:22:42 UTC</createdTime>
<generatorID>9F258B21-FE2F-9673-AD3B-F642FACF9AF3</generatorID>
<ownerDesignName>konceptponormalizacji</ownerDesignName>
<engineerTo>
<item key="D0F540F1-9674-2547-A352-47BE0605ACC9" value="true"/>
</engineerTo>
<referedAttribute>5A26B322-7D51-138F-EB69-DB6B3EC27D51</referedAttribute>
<useDomainConstraints>false</useDomainConstraints>
<use>1</use>
<logicalDatatype>LOGDT011</logicalDatatype>
<ownDataTypeParameters>,,</ownDataTypeParameters>
</Attribute>
</attributes>
<identifiers itemClass="oracle.dbtools.crest.model.design.logical.CandidateKey">
<identifier id="07CFE30F-8669-C48A-1BA8-B02E6566FCFC" name="Rezerwacje PK">
<createdBy>swide</createdBy>
<createdTime>2025-12-07 13:31:15 UTC</createdTime>
<ownerDesignName>konceptponormalizacji</ownerDesignName>
<engineerTo>
<item key="D0F540F1-9674-2547-A352-47BE0605ACC9" value="true"/>
</engineerTo>
<pk>true</pk>
<usedAttributes>
<attributeRef>01D47BFA-A1FE-F837-DFFB-32CC0B4B1D03</attributeRef>
</usedAttributes>
</identifier>
</identifiers>
</Entity>