<?xml version = '1.0' encoding = 'UTF-8'?>
<Entity class="oracle.dbtools.crest.model.design.logical.Entity" directorySegmentName="seg_0" id="99502EF3-43F0-1F63-3CF6-79C363D6C3DB" name="Adresy">
<createdBy>swide</createdBy>
<createdTime>2026-01-03 21:15:17 UTC</createdTime>
<ownerDesignName>konceptponormalizacji</ownerDesignName>
<engineerTo>
<item key="D0F540F1-9674-2547-A352-47BE0605ACC9" value="true"/>
</engineerTo>
<adequatelyNormalized>NO</adequatelyNormalized>
<expectedVolumes>0</expectedVolumes>
<fwdEngineeringStrategyName>Single Table</fwdEngineeringStrategyName>
<growthPercent>0</growthPercent>
<growthType>Year</growthType>
<maxVolumes>9999999</maxVolumes>
<minVolumes>0</minVolumes>
<normalForm>Third</normalForm>
<attributes itemClass="oracle.dbtools.crest.model.design.logical.Attribute">
<Attribute name="ID_Adresu" id="803CC0B7-98B7-0AD1-A131-680C41FA86A2">
<createdBy>swide</createdBy>
<createdTime>2026-01-03 21:15:36 UTC</createdTime>
<ownerDesignName>konceptponormalizacji</ownerDesignName>
<engineerTo>
<item key="D0F540F1-9674-2547-A352-47BE0605ACC9" value="true"/>
</engineerTo>
<useDomainConstraints>false</useDomainConstraints>
<use>1</use>
<logicalDatatype>LOGDT011</logicalDatatype>
<ownDataTypeParameters>,,</ownDataTypeParameters>
</Attribute>
<Attribute name="Ulica" id="4D7860DB-C3B9-B470-CDFB-450F39625EB7">
<createdBy>swide</createdBy>
<createdTime>2026-01-03 21:15:51 UTC</createdTime>
<ownerDesignName>konceptponormalizacji</ownerDesignName>
<engineerTo>
<item key="D0F540F1-9674-2547-A352-47BE0605ACC9" value="true"/>
</engineerTo>
<nullsAllowed>true</nullsAllowed>
<useDomainConstraints>false</useDomainConstraints>
<use>1</use>
<logicalDatatype>LOGDT024</logicalDatatype>
<dataTypeSize>45 BYTE</dataTypeSize>
<ownDataTypeParameters>45 BYTE,,</ownDataTypeParameters>
</Attribute>
<Attribute name="Numer Domu" id="21568F8B-F68F-84E4-228A-3A9D636F2D8B">
<createdBy>swide</createdBy>
<createdTime>2026-01-03 21:16:16 UTC</createdTime>
<ownerDesignName>konceptponormalizacji</ownerDesignName>
<engineerTo>
<item key="D0F540F1-9674-2547-A352-47BE0605ACC9" value="true"/>
</engineerTo>
<nullsAllowed>true</nullsAllowed>
<useDomainConstraints>false</useDomainConstraints>
<use>1</use>
<logicalDatatype>LOGDT024</logicalDatatype>
<dataTypeSize>22 BYTE</dataTypeSize>
<ownDataTypeParameters>22 BYTE,,</ownDataTypeParameters>
</Attribute>
<Attribute name="Kod_pocztowy" id="0B813C7D-8327-18D8-A25F-06374D73F56A">
<createdBy>swide</createdBy>
<createdTime>2026-01-03 21:20:07 UTC</createdTime>
<generatorID>F88892E6-3CB8-FDCD-F94B-6849BC008753</generatorID>
<ownerDesignName>konceptponormalizacji</ownerDesignName>
<engineerTo>
<item key="D0F540F1-9674-2547-A352-47BE0605ACC9" value="true"/>
</engineerTo>
<referedAttribute>60BFA4BF-4082-C3FB-CC04-DCFEFDE71942</referedAttribute>
<useDomainConstraints>false</useDomainConstraints>
<use>1</use>
<logicalDatatype>LOGDT024</logicalDatatype>
<dataTypeSize>15 BYTE</dataTypeSize>
<ownDataTypeParameters>15 BYTE,,</ownDataTypeParameters>
</Attribute>
</attributes>
<identifiers itemClass="oracle.dbtools.crest.model.design.logical.CandidateKey">
<identifier id="E41380CA-2525-8657-6D81-515466C67B7F" name="Adresy PK">
<createdBy>swide</createdBy>
<createdTime>2026-01-03 21:15:41 UTC</createdTime>
<ownerDesignName>konceptponormalizacji</ownerDesignName>
<engineerTo>
<item key="D0F540F1-9674-2547-A352-47BE0605ACC9" value="true"/>
</engineerTo>
<pk>true</pk>
<usedAttributes>
<attributeRef>803CC0B7-98B7-0AD1-A131-680C41FA86A2</attributeRef>
</usedAttributes>
</identifier>
</identifiers>
</Entity>