<?xml version = '1.0' encoding = 'UTF-8'?>
<Entity class="oracle.dbtools.crest.model.design.logical.Entity" directorySegmentName="seg_0" id="E75D8613-2B54-F485-F605-4980DFB3CF16" name="Pozycje_zamowienia">
<createdBy>root</createdBy>
<createdTime>2026-01-03 19:31:38 UTC</createdTime>
<ownerDesignName>konceptponormalizacji</ownerDesignName>
<engineerTo>
<item key="D0F540F1-9674-2547-A352-47BE0605ACC9" value="true"/>
</engineerTo>
<adequatelyNormalized>NO</adequatelyNormalized>
<expectedVolumes>0</expectedVolumes>
<fwdEngineeringStrategyName>Single Table</fwdEngineeringStrategyName>
<growthPercent>0</growthPercent>
<growthType>Year</growthType>
<maxVolumes>9999999</maxVolumes>
<minVolumes>0</minVolumes>
<normalForm>Third</normalForm>
<attributes itemClass="oracle.dbtools.crest.model.design.logical.Attribute">
<Attribute name="ID_Poz" id="C5C35F34-0DB4-11AA-D11F-81F2956D1111">
<createdBy>root</createdBy>
<createdTime>2026-01-03 19:31:55 UTC</createdTime>
<ownerDesignName>konceptponormalizacji</ownerDesignName>
<engineerTo>
<item key="D0F540F1-9674-2547-A352-47BE0605ACC9" value="true"/>
</engineerTo>
<useDomainConstraints>false</useDomainConstraints>
<use>1</use>
<logicalDatatype>LOGDT011</logicalDatatype>
<ownDataTypeParameters>,,</ownDataTypeParameters>
</Attribute>
<Attribute name="Ilosc" id="6B1B2D43-FFB2-678E-0DAF-E9F25ABA1BD0">
<createdBy>root</createdBy>
<createdTime>2026-01-03 19:32:05 UTC</createdTime>
<ownerDesignName>konceptponormalizacji</ownerDesignName>
<engineerTo>
<item key="D0F540F1-9674-2547-A352-47BE0605ACC9" value="true"/>
</engineerTo>
<nullsAllowed>true</nullsAllowed>
<useDomainConstraints>false</useDomainConstraints>
<use>1</use>
<logicalDatatype>LOGDT011</logicalDatatype>
<ownDataTypeParameters>,,</ownDataTypeParameters>
</Attribute>
<Attribute name="Cena" id="6F006E5D-0AA1-8E95-764E-ACFE9C603E60">
<createdBy>root</createdBy>
<createdTime>2026-01-03 19:32:29 UTC</createdTime>
<ownerDesignName>konceptponormalizacji</ownerDesignName>
<engineerTo>
<item key="D0F540F1-9674-2547-A352-47BE0605ACC9" value="true"/>
</engineerTo>
<nullsAllowed>true</nullsAllowed>
<useDomainConstraints>false</useDomainConstraints>
<use>1</use>
<logicalDatatype>LOGDT021</logicalDatatype>
<dataTypePrecision>5</dataTypePrecision>
<dataTypeScale>2</dataTypeScale>
<ownDataTypeParameters>,5,2</ownDataTypeParameters>
</Attribute>
<Attribute name="ID_Dania" id="13FCF323-F536-02BA-CCB3-553ECEB39675">
<createdBy>root</createdBy>
<createdTime>2026-01-03 19:37:48 UTC</createdTime>
<generatorID>8AE3B9E9-37D4-2C38-24F4-290470199D47</generatorID>
<ownerDesignName>konceptponormalizacji</ownerDesignName>
<engineerTo>
<item key="D0F540F1-9674-2547-A352-47BE0605ACC9" value="true"/>
</engineerTo>
<referedAttribute>C1F72FE5-CF31-E070-5E57-3BCA0C92DC23</referedAttribute>
<useDomainConstraints>false</useDomainConstraints>
<use>1</use>
<logicalDatatype>LOGDT011</logicalDatatype>
<ownDataTypeParameters>,,</ownDataTypeParameters>
</Attribute>
<Attribute name="ID_Restauracja" id="99FD5861-8076-0468-EFEF-E7A4F2BF1967">
<createdBy>root</createdBy>
<createdTime>2026-01-03 19:38:21 UTC</createdTime>
<generatorID>496F9521-1964-B4D3-0898-0ADC92D3C446</generatorID>
<ownerDesignName>konceptponormalizacji</ownerDesignName>
<engineerTo>
<item key="D0F540F1-9674-2547-A352-47BE0605ACC9" value="true"/>
</engineerTo>
<referedAttribute>A2D4DCEE-A778-85B3-08C1-FD1BC4A479B1</referedAttribute>
<useDomainConstraints>false</useDomainConstraints>
<use>1</use>
<logicalDatatype>LOGDT011</logicalDatatype>
<ownDataTypeParameters>,,</ownDataTypeParameters>
</Attribute>
</attributes>
<identifiers itemClass="oracle.dbtools.crest.model.design.logical.CandidateKey">
<identifier id="6F0B63B9-7EF4-D8F5-BB1A-FA4A7CB7623B" name="Pozycje_zamowienia PK">
<createdBy>root</createdBy>
<createdTime>2026-01-03 19:32:03 UTC</createdTime>
<ownerDesignName>konceptponormalizacji</ownerDesignName>
<engineerTo>
<item key="D0F540F1-9674-2547-A352-47BE0605ACC9" value="true"/>
</engineerTo>
<pk>true</pk>
<usedAttributes>
<attributeRef>C5C35F34-0DB4-11AA-D11F-81F2956D1111</attributeRef>
</usedAttributes>
</identifier>
</identifiers>
</Entity>