<?xml version = '1.0' encoding = 'UTF-8'?>
<Diagram class="oracle.dbtools.crest.swingui.relational.DPVRelational" name="Relational_1" id="1BD117ED-2EB1-3380-20D8-F856AAC0DC18">
<createdBy>qb</createdBy>
<modifiedBy>qb</modifiedBy>
<createdTime>2025-12-02 13:53:56 UTC</createdTime>
<autoRoute>false</autoRoute>
<boxInbox>true</boxInbox>
<showLegend>false</showLegend>
<showLabels>false</showLabels>
<showRelAttributes>false</showRelAttributes>
<gridEnabled>false</gridEnabled>
<showGrid>false</showGrid>
<diagramColor>-1</diagramColor>
<display>false</display>
<notation>1</notation>
<objectViews>
<OView class="oracle.dbtools.crest.swingui.relational.TVTable" oid="067D8FB9-5215-97AC-F1E7-8BECF150FE65" otype="Table" vid="11E822A2-1F5E-AD6C-F9DC-F64939E6E8A8">
<hideElementsInCurrentOnly>false</hideElementsInCurrentOnly>
<bounds x="213" y="98" width="176" height="88"/>
</OView>
<OView class="oracle.dbtools.crest.swingui.relational.TVTable" oid="1236E619-19B0-A716-3860-81CC0D551AE1" otype="Table" vid="20A9AD9B-22C9-1374-DB4C-5D209F8F6D7B">
<hideElementsInCurrentOnly>false</hideElementsInCurrentOnly>
<bounds x="38" y="64" width="377" height="270"/>
</OView>
<OView class="oracle.dbtools.crest.swingui.relational.TVTable" oid="14679146-0E80-A8BE-F951-DA9EBCD440F4" otype="Table" vid="04F4307F-80EE-14C3-4852-19CC5191B19C">
<hideElementsInCurrentOnly>false</hideElementsInCurrentOnly>
<bounds x="1532" y="711" width="186" height="104"/>
</OView>
<OView class="oracle.dbtools.crest.swingui.relational.TVTable" oid="1A0C654D-99E9-9E9D-05BB-7312B85E57D7" otype="Table" vid="9CAF355A-47DB-35E2-7B87-9C2B9937E408">
<hideElementsInCurrentOnly>false</hideElementsInCurrentOnly>
<bounds x="606" y="459" width="148" height="94"/>
</OView>
<OView class="oracle.dbtools.crest.swingui.relational.TVTable" oid="1D53A060-B233-5784-520E-5663E264A1D9" otype="Table" vid="602BAD96-2405-2664-0E5E-32B099211B9B">
<hideElementsInCurrentOnly>false</hideElementsInCurrentOnly>
<bounds x="1170" y="522" width="215" height="108"/>
</OView>
<OView class="oracle.dbtools.crest.swingui.relational.TVTable" oid="21F3A051-BD29-11DF-8DF4-E079CB158A7B" otype="Table" vid="065D0571-DC05-D331-E703-6973CD220B19">
<hideElementsInCurrentOnly>false</hideElementsInCurrentOnly>
<bounds x="1343" y="163" width="208" height="142"/>
</OView>
<OView class="oracle.dbtools.crest.swingui.relational.TVTable" oid="295D1308-FC14-9F24-A1D6-F65F98A55274" otype="Table" vid="0566B03E-3D12-8509-EC6A-8DE92AE64CF0">
<hideElementsInCurrentOnly>false</hideElementsInCurrentOnly>
<bounds x="1581" y="566" width="142" height="86"/>
</OView>
<OView class="oracle.dbtools.crest.swingui.relational.TVTable" oid="348F5F99-C0F4-2F0A-BEF3-B50D5D91FEFD" otype="Table" vid="A2F2380B-03DA-F770-6520-73D4FE52B9F8">
<hideElementsInCurrentOnly>false</hideElementsInCurrentOnly>
<bounds x="1622" y="98" width="179" height="175"/>
</OView>
<OView class="oracle.dbtools.crest.swingui.relational.TVTable" oid="47D537DD-D130-7081-868F-9995EC366F1A" otype="Table" vid="D75DFE3B-BBD1-56F4-75C3-1CC92D614DB3">
<hideElementsInCurrentOnly>false</hideElementsInCurrentOnly>
<bounds x="13" y="445" width="213" height="86"/>
</OView>
<OView class="oracle.dbtools.crest.swingui.relational.TVTable" oid="4AEC5856-5BFA-B26B-D27D-33AB46C13D2D" otype="Table" vid="6B70B63F-B467-F140-57D5-C561F79FEF13">
<hideElementsInCurrentOnly>false</hideElementsInCurrentOnly>
<bounds x="1971" y="115" width="170" height="110"/>
</OView>
<OView class="oracle.dbtools.crest.swingui.relational.TVTable" oid="4EB3EDAB-AA53-DE93-D2D4-CD8AC68DF42F" otype="Table" vid="7677336C-19AB-F595-7B3F-7E75672868B0">
<hideElementsInCurrentOnly>false</hideElementsInCurrentOnly>
<bounds x="1044" y="4" width="182" height="68"/>
</OView>
<OView class="oracle.dbtools.crest.swingui.relational.TVTable" oid="4F3FF112-DF78-8DE1-D8C1-8FB5D9A7D34F" otype="Table" vid="24D283BE-0C63-35BF-4C58-19C34F34DC8A">
<hideElementsInCurrentOnly>false</hideElementsInCurrentOnly>
<bounds x="1830" y="745" width="170" height="110"/>
</OView>
<OView class="oracle.dbtools.crest.swingui.relational.TVTable" oid="508858E6-23B5-1345-8609-93E00B556F53" otype="Table" vid="B185ECB4-F320-2A05-C07C-884AD80DAEEA">
<hideElementsInCurrentOnly>false</hideElementsInCurrentOnly>
<bounds x="513" y="752" width="170" height="110"/>
</OView>
<OView class="oracle.dbtools.crest.swingui.relational.TVTable" oid="5AC8B455-EE18-121F-E166-616B6EF9DCEF" otype="Table" vid="7351C1C1-E06D-8FE1-DEC5-BCC67AA4E572">
<hideElementsInCurrentOnly>false</hideElementsInCurrentOnly>
<bounds x="1422" y="42" width="157" height="75"/>
</OView>
<OView class="oracle.dbtools.crest.swingui.relational.TVTable" oid="5DCBE726-FF39-0CB9-5BBE-0C555D0865EE" otype="Table" vid="3E1BBA67-866C-D127-4DCB-94D380D6AC64">
<hideElementsInCurrentOnly>false</hideElementsInCurrentOnly>
<bounds x="838" y="555" width="142" height="107"/>
</OView>
<OView class="oracle.dbtools.crest.swingui.relational.TVTable" oid="6263B091-A7BE-5CF3-377A-C9C1455277F3" otype="Table" vid="83523D7D-33E3-D5B8-AC91-FF42C37A01FC">
<hideElementsInCurrentOnly>false</hideElementsInCurrentOnly>
<bounds x="1413" y="562" width="145" height="84"/>
</OView>
<OView class="oracle.dbtools.crest.swingui.relational.TVTable" oid="6BAABCB2-1976-0411-DF21-14575A327907" otype="Table" vid="9EF41AF6-D650-A03A-91D8-E56AE127D74E">
<hideElementsInCurrentOnly>false</hideElementsInCurrentOnly>
<bounds x="536" y="347" width="169" height="85"/>
</OView>
<OView class="oracle.dbtools.crest.swingui.relational.TVTable" oid="6DD44DEB-0D3B-46B5-3AB7-8F07CA38DD59" otype="Table" vid="76B0AFAC-D397-0526-AFEE-AFEDBE4CA12E">
<hideElementsInCurrentOnly>false</hideElementsInCurrentOnly>
<bounds x="750" y="151" width="115" height="89"/>
</OView>
<OView class="oracle.dbtools.crest.swingui.relational.TVTable" oid="70ED3001-C087-3B9E-E29D-7E2D4C71BBB7" otype="Table" vid="185D3366-1A8F-7FE6-F994-777A8B161403">
<hideElementsInCurrentOnly>false</hideElementsInCurrentOnly>
<bounds x="946" y="110" width="239" height="124"/>
</OView>
<OView class="oracle.dbtools.crest.swingui.relational.TVTable" oid="826405E2-C500-FFC1-9E4A-733A8B6D19AB" otype="Table" vid="DAB3079A-E099-2EC7-4EFC-23F6D23532C0">
<hideElementsInCurrentOnly>false</hideElementsInCurrentOnly>
<bounds x="1749" y="425" width="230" height="142"/>
</OView>
<OView class="oracle.dbtools.crest.swingui.relational.TVTable" oid="85539918-6ACD-E4B4-92F8-29B20EF246BE" otype="Table" vid="C75F4E6B-980C-777A-6F3A-ADCE146728B4">
<hideElementsInCurrentOnly>false</hideElementsInCurrentOnly>
<bounds x="906" y="369" width="192" height="133"/>
</OView>
<OView class="oracle.dbtools.crest.swingui.relational.TVTable" oid="8B738CD2-1669-C045-FC99-6764AABB8887" otype="Table" vid="2F83CB85-401F-FC77-935B-65AE186002CC">
<hideElementsInCurrentOnly>false</hideElementsInCurrentOnly>
<bounds x="474" y="175" width="174" height="115"/>
</OView>
<OView class="oracle.dbtools.crest.swingui.relational.TVTable" oid="9CD67227-E603-E282-2B72-B9B19E874B1A" otype="Table" vid="6C0547E3-13B7-88CD-C753-CB5E5F0F90BA">
<hideElementsInCurrentOnly>false</hideElementsInCurrentOnly>
<bounds x="460" y="34" width="195" height="110"/>
</OView>
<OView class="oracle.dbtools.crest.swingui.relational.TVTable" oid="9D939318-3825-77F7-8581-94C586FDA2E7" otype="Table" vid="51549365-C5C0-6501-8804-DCF719BF3C02">
<hideElementsInCurrentOnly>false</hideElementsInCurrentOnly>
<bounds x="1423" y="361" width="245" height="159"/>
</OView>
<OView class="oracle.dbtools.crest.swingui.relational.TVTable" oid="A3096244-3053-DB42-F1D7-31D416E956B8" otype="Table" vid="27C5313E-61C6-556F-22EA-D476E36CA25B">
<hideElementsInCurrentOnly>false</hideElementsInCurrentOnly>
<bounds x="1258" y="38" width="141" height="77"/>
</OView>
<OView class="oracle.dbtools.crest.swingui.relational.TVTable" oid="A5A1B0AA-6491-2EDE-ACA7-478FD38467B4" otype="Table" vid="E9E8DEEA-89A5-061D-8C59-D5F702ECE216">
<hideElementsInCurrentOnly>false</hideElementsInCurrentOnly>
<bounds x="701" y="27" width="170" height="110"/>
</OView>
<OView class="oracle.dbtools.crest.swingui.relational.TVTable" oid="ABF301A9-64A2-DF7D-F323-488967B71BDC" otype="Table" vid="2B33FF78-D286-AE42-35F5-3403E5B3F249">
<hideElementsInCurrentOnly>false</hideElementsInCurrentOnly>
<bounds x="490" y="610" width="170" height="110"/>
</OView>
<OView class="oracle.dbtools.crest.swingui.relational.TVTable" oid="B8890D38-5114-7E8B-79C2-8A434DD751F6" otype="Table" vid="F4536D77-78CC-375A-7977-576C3BC8B4CC">
<hideElementsInCurrentOnly>false</hideElementsInCurrentOnly>
<bounds x="243" y="828" width="170" height="110"/>
</OView>
<OView class="oracle.dbtools.crest.swingui.relational.TVTable" oid="C19275CE-BC6E-15EE-4D7A-76839604A620" otype="Table" vid="7E2EAA77-6D5F-A56F-E12F-47301F5FF169">
<hideElementsInCurrentOnly>false</hideElementsInCurrentOnly>
<bounds x="808" y="735" width="145" height="175"/>
</OView>
<OView class="oracle.dbtools.crest.swingui.relational.TVTable" oid="C1EDD651-E39B-AFC5-53F0-94E7D83C56C2" otype="Table" vid="8E2A5969-708D-F6EC-EB81-4CC7FFC624A4">
<hideElementsInCurrentOnly>false</hideElementsInCurrentOnly>
<bounds x="179" y="227" width="183" height="79"/>
</OView>
<OView class="oracle.dbtools.crest.swingui.relational.TVTable" oid="CBAB5887-56E6-90A0-0360-6C990FA38C40" otype="Table" vid="CAEAFE8B-83CD-E18F-5D8F-1B94594B9B1A">
<hideElementsInCurrentOnly>false</hideElementsInCurrentOnly>
<bounds x="887" y="264" width="102" height="91"/>
</OView>
<OView class="oracle.dbtools.crest.swingui.relational.TVTable" oid="CD4B79A5-DEAB-8C2C-2CFC-14F5C19711DD" otype="Table" vid="59A7ABFC-F20E-F7EC-2AA7-06DB1029A14A">
<hideElementsInCurrentOnly>false</hideElementsInCurrentOnly>
<bounds x="2061" y="444" width="190" height="121"/>
</OView>
<OView class="oracle.dbtools.crest.swingui.relational.TVTable" oid="DAB535EC-5049-BD4B-DE34-48A9AFA4C7EF" otype="Table" vid="985B11A4-9030-CDCE-7C2B-5DA88E2823F1">
<hideElementsInCurrentOnly>false</hideElementsInCurrentOnly>
<bounds x="1661" y="903" width="170" height="110"/>
</OView>
<OView class="oracle.dbtools.crest.swingui.relational.TVTable" oid="E4FF4564-C869-1371-52F4-A6BBE3462106" otype="Table" vid="2C6D8F8F-BB23-9073-F779-30B137D06483">
<hideElementsInCurrentOnly>false</hideElementsInCurrentOnly>
<bounds x="509" y="937" width="170" height="110"/>
</OView>
<OView class="oracle.dbtools.crest.swingui.relational.TVTable" oid="E9BE8A08-D951-C779-7DCA-E34458285A1F" otype="Table" vid="441AEC65-63F4-9479-09FB-E2FBD7F08F09">
<hideElementsInCurrentOnly>false</hideElementsInCurrentOnly>
<bounds x="337" y="408" width="163" height="97"/>
</OView>
<OView class="oracle.dbtools.crest.swingui.relational.TVTable" oid="F966180B-0D52-2619-FE64-901F9E19FA70" otype="Table" vid="6260D0AF-A079-82DB-6513-622DD5F61136">
<hideElementsInCurrentOnly>false</hideElementsInCurrentOnly>
<bounds x="1135" y="726" width="281" height="177"/>
</OView>
</objectViews>
<connectors>
<Connector class="oracle.dbtools.crest.swingui.relational.TVFKRelation" oid="00F4216B-5632-8DCA-000D-7C04351CB0CF" otype="FKIndexAssociation" vid_source="F4536D77-78CC-375A-7977-576C3BC8B4CC" vid_target="B185ECB4-F320-2A05-C07C-884AD80DAEEA">
<hideElementsInCurrentOnly>false</hideElementsInCurrentOnly>
<backgroundColor>-16777216</backgroundColor>
<lineWidth>1</lineWidth>
<points>
<point x="413" y="830"/>
<point x="513" y="830"/>
</points>
</Connector>
<Connector class="oracle.dbtools.crest.swingui.relational.TVFKRelation" oid="056C00EB-46BC-84AD-D7AD-F3F57DBAB61C" otype="FKIndexAssociation" vid_source="C75F4E6B-980C-777A-6F3A-ADCE146728B4" vid_target="3E1BBA67-866C-D127-4DCB-94D380D6AC64">
<hideElementsInCurrentOnly>false</hideElementsInCurrentOnly>
<backgroundColor>-16777216</backgroundColor>
<lineWidth>1</lineWidth>
<points>
<point x="943" y="502"/>
<point x="943" y="555"/>
</points>
</Connector>
<Connector class="oracle.dbtools.crest.swingui.relational.TVFKRelation" oid="09FE4A6B-25AC-9145-2726-83BF161329BC" otype="FKIndexAssociation" vid_source="A2F2380B-03DA-F770-6520-73D4FE52B9F8" vid_target="065D0571-DC05-D331-E703-6973CD220B19">
<hideElementsInCurrentOnly>false</hideElementsInCurrentOnly>
<backgroundColor>-16777216</backgroundColor>
<lineWidth>1</lineWidth>
<points>
<point x="1622" y="218"/>
<point x="1551" y="218"/>
</points>
</Connector>
<Connector class="oracle.dbtools.crest.swingui.relational.TVFKRelation" oid="0B699763-180C-5D81-203D-7CCC4EEB06A9" otype="FKIndexAssociation" vid_source="D75DFE3B-BBD1-56F4-75C3-1CC92D614DB3" vid_target="20A9AD9B-22C9-1374-DB4C-5D209F8F6D7B">
<hideElementsInCurrentOnly>false</hideElementsInCurrentOnly>
<backgroundColor>-16777216</backgroundColor>
<lineWidth>1</lineWidth>
<points>
<point x="132" y="445"/>
<point x="132" y="334"/>
</points>
</Connector>
<Connector class="oracle.dbtools.crest.swingui.relational.TVFKRelation" oid="0E9F644F-2B4F-2A63-ACBB-F37DE35338B1" otype="FKIndexAssociation" vid_source="B185ECB4-F320-2A05-C07C-884AD80DAEEA" vid_target="7E2EAA77-6D5F-A56F-E12F-47301F5FF169">
<hideElementsInCurrentOnly>false</hideElementsInCurrentOnly>
<backgroundColor>-16777216</backgroundColor>
<lineWidth>1</lineWidth>
<points>
<point x="683" y="807"/>
<point x="808" y="807"/>
</points>
</Connector>
<Connector class="oracle.dbtools.crest.swingui.relational.TVFKRelation" oid="11EA81F5-110C-EB3A-B6DA-A8ABE2FF097E" otype="FKIndexAssociation" vid_source="6B70B63F-B467-F140-57D5-C561F79FEF13" vid_target="A2F2380B-03DA-F770-6520-73D4FE52B9F8">
<hideElementsInCurrentOnly>false</hideElementsInCurrentOnly>
<backgroundColor>-16777216</backgroundColor>
<lineWidth>1</lineWidth>
<points>
<point x="1971" y="170"/>
<point x="1801" y="170"/>
</points>
</Connector>
<Connector class="oracle.dbtools.crest.swingui.relational.TVFKRelation" oid="13F4E743-0D0C-C967-B90F-A579775AEE01" otype="FKIndexAssociation" vid_source="20A9AD9B-22C9-1374-DB4C-5D209F8F6D7B" vid_target="11E822A2-1F5E-AD6C-F9DC-F64939E6E8A8">
<hideElementsInCurrentOnly>false</hideElementsInCurrentOnly>
<backgroundColor>-16777216</backgroundColor>
<lineWidth>1</lineWidth>
<points>
<point x="415" y="142"/>
<point x="213" y="142"/>
</points>
</Connector>
<Connector class="oracle.dbtools.crest.swingui.relational.TVFKRelation" oid="16DB85CE-6DC8-1099-C9E2-21A04CF1AE84" otype="FKIndexAssociation" vid_source="7351C1C1-E06D-8FE1-DEC5-BCC67AA4E572" vid_target="065D0571-DC05-D331-E703-6973CD220B19">
<hideElementsInCurrentOnly>false</hideElementsInCurrentOnly>
<backgroundColor>-16777216</backgroundColor>
<lineWidth>1</lineWidth>
<points>
<point x="1501" y="117"/>
<point x="1501" y="163"/>
</points>
</Connector>
<Connector class="oracle.dbtools.crest.swingui.relational.TVFKRelation" oid="18C26A49-D9AB-08E6-46AC-1BECD056C359" otype="FKIndexAssociation" vid_source="A2F2380B-03DA-F770-6520-73D4FE52B9F8" vid_target="DAB3079A-E099-2EC7-4EFC-23F6D23532C0">
<hideElementsInCurrentOnly>false</hideElementsInCurrentOnly>
<backgroundColor>-16777216</backgroundColor>
<lineWidth>1</lineWidth>
<points>
<point x="1775" y="273"/>
<point x="1775" y="425"/>
</points>
</Connector>
<Connector class="oracle.dbtools.crest.swingui.relational.TVFKRelation" oid="1AB464FF-66E1-2515-4CBF-63A59B920B06" otype="FKIndexAssociation" vid_source="6260D0AF-A079-82DB-6513-622DD5F61136" vid_target="C75F4E6B-980C-777A-6F3A-ADCE146728B4">
<hideElementsInCurrentOnly>false</hideElementsInCurrentOnly>
<backgroundColor>-16777216</backgroundColor>
<lineWidth>1</lineWidth>
<points>
<point x="1211" y="726"/>
<point x="1049" y="502"/>
</points>
</Connector>
<Connector class="oracle.dbtools.crest.swingui.relational.TVFKRelation" oid="1E8A3A2F-704C-DA37-84C5-EE2EAFE47EEC" otype="FKIndexAssociation" vid_source="7E2EAA77-6D5F-A56F-E12F-47301F5FF169" vid_target="6260D0AF-A079-82DB-6513-622DD5F61136">
<hideElementsInCurrentOnly>false</hideElementsInCurrentOnly>
<backgroundColor>-16777216</backgroundColor>
<lineWidth>1</lineWidth>
<points>
<point x="953" y="819"/>
<point x="1135" y="819"/>
</points>
</Connector>
<Connector class="oracle.dbtools.crest.swingui.relational.TVFKRelation" oid="28683F46-18F7-BBD9-5687-D050BE977390" otype="FKIndexAssociation" vid_source="185D3366-1A8F-7FE6-F994-777A8B161403" vid_target="51549365-C5C0-6501-8804-DCF719BF3C02">
<hideElementsInCurrentOnly>false</hideElementsInCurrentOnly>
<backgroundColor>-16777216</backgroundColor>
<lineWidth>1</lineWidth>
<points>
<point x="1176" y="234"/>
<point x="1423" y="371"/>
</points>
</Connector>
<Connector class="oracle.dbtools.crest.swingui.relational.TVFKRelation" oid="2F494150-AE20-0949-A5AE-9375ADE9DFD0" otype="FKIndexAssociation" vid_source="59A7ABFC-F20E-F7EC-2AA7-06DB1029A14A" vid_target="DAB3079A-E099-2EC7-4EFC-23F6D23532C0">
<hideElementsInCurrentOnly>false</hideElementsInCurrentOnly>
<backgroundColor>-16777216</backgroundColor>
<lineWidth>1</lineWidth>
<points>
<point x="2061" y="519"/>
<point x="1979" y="519"/>
</points>
</Connector>
<Connector class="oracle.dbtools.crest.swingui.relational.TVFKRelation" oid="35B3EBCF-803C-A96B-8A20-BBFD517865CC" otype="FKIndexAssociation" vid_source="185D3366-1A8F-7FE6-F994-777A8B161403" vid_target="C75F4E6B-980C-777A-6F3A-ADCE146728B4">
<hideElementsInCurrentOnly>false</hideElementsInCurrentOnly>
<backgroundColor>-16777216</backgroundColor>
<lineWidth>1</lineWidth>
<points>
<point x="1022" y="234"/>
<point x="1022" y="369"/>
</points>
</Connector>
<Connector class="oracle.dbtools.crest.swingui.relational.TVFKRelation" oid="37B38DA8-C34E-174D-B358-695E43C79346" otype="FKIndexAssociation" vid_source="CAEAFE8B-83CD-E18F-5D8F-1B94594B9B1A" vid_target="76B0AFAC-D397-0526-AFEE-AFEDBE4CA12E">
<hideElementsInCurrentOnly>false</hideElementsInCurrentOnly>
<backgroundColor>-16777216</backgroundColor>
<lineWidth>1</lineWidth>
<points>
<point x="887" y="264"/>
<point x="858" y="240"/>
</points>
</Connector>
<Connector class="oracle.dbtools.crest.swingui.relational.TVFKRelation" oid="3A7DFEDA-B797-145F-304B-A444DF1D0ADC" otype="FKIndexAssociation" vid_source="2F83CB85-401F-FC77-935B-65AE186002CC" vid_target="76B0AFAC-D397-0526-AFEE-AFEDBE4CA12E">
<hideElementsInCurrentOnly>false</hideElementsInCurrentOnly>
<backgroundColor>-16777216</backgroundColor>
<lineWidth>1</lineWidth>
<points>
<point x="648" y="207"/>
<point x="750" y="207"/>
</points>
</Connector>
<Connector class="oracle.dbtools.crest.swingui.relational.TVFKRelation" oid="3DD7D2B6-2E83-CA5C-9333-54432DA62945" otype="FKIndexAssociation" vid_source="20A9AD9B-22C9-1374-DB4C-5D209F8F6D7B" vid_target="2F83CB85-401F-FC77-935B-65AE186002CC">
<hideElementsInCurrentOnly>false</hideElementsInCurrentOnly>
<backgroundColor>-16777216</backgroundColor>
<lineWidth>1</lineWidth>
<points>
<point x="415" y="232"/>
<point x="474" y="232"/>
</points>
</Connector>
<Connector class="oracle.dbtools.crest.swingui.relational.TVFKRelation" oid="658BAFDF-3E84-6014-D4AE-8C3106EB3153" otype="FKIndexAssociation" vid_source="8E2A5969-708D-F6EC-EB81-4CC7FFC624A4" vid_target="441AEC65-63F4-9479-09FB-E2FBD7F08F09">
<hideElementsInCurrentOnly>false</hideElementsInCurrentOnly>
<backgroundColor>-16777216</backgroundColor>
<lineWidth>1</lineWidth>
<points>
<point x="265" y="306"/>
<point x="377" y="408"/>
</points>
</Connector>
<Connector class="oracle.dbtools.crest.swingui.relational.TVFKRelation" oid="66665266-50C7-CB28-D6B2-A59E00C1D8B6" otype="FKIndexAssociation" vid_source="27C5313E-61C6-556F-22EA-D476E36CA25B" vid_target="065D0571-DC05-D331-E703-6973CD220B19">
<hideElementsInCurrentOnly>false</hideElementsInCurrentOnly>
<backgroundColor>-16777216</backgroundColor>
<lineWidth>1</lineWidth>
<points>
<point x="1386" y="115"/>
<point x="1386" y="163"/>
</points>
</Connector>
<Connector class="oracle.dbtools.crest.swingui.relational.TVFKRelation" oid="6B30B9C5-097A-68B4-E607-EF2B99D50A23" otype="FKIndexAssociation" vid_source="20A9AD9B-22C9-1374-DB4C-5D209F8F6D7B" vid_target="8E2A5969-708D-F6EC-EB81-4CC7FFC624A4">
<hideElementsInCurrentOnly>false</hideElementsInCurrentOnly>
<backgroundColor>-16777216</backgroundColor>
<lineWidth>1</lineWidth>
<points>
<point x="415" y="266"/>
<point x="179" y="266"/>
</points>
</Connector>
<Connector class="oracle.dbtools.crest.swingui.relational.TVFKRelation" oid="6EBED6C2-4197-47BB-B2A4-BA0A52D93CE0" otype="FKIndexAssociation" vid_source="A2F2380B-03DA-F770-6520-73D4FE52B9F8" vid_target="51549365-C5C0-6501-8804-DCF719BF3C02">
<hideElementsInCurrentOnly>false</hideElementsInCurrentOnly>
<backgroundColor>-16777216</backgroundColor>
<lineWidth>1</lineWidth>
<points>
<point x="1645" y="273"/>
<point x="1645" y="361"/>
</points>
</Connector>
<Connector class="oracle.dbtools.crest.swingui.relational.TVFKRelation" oid="733D4B96-4A36-4721-4004-FABC16E1524A" otype="FKIndexAssociation" vid_source="6C0547E3-13B7-88CD-C753-CB5E5F0F90BA" vid_target="11E822A2-1F5E-AD6C-F9DC-F64939E6E8A8">
<hideElementsInCurrentOnly>false</hideElementsInCurrentOnly>
<backgroundColor>-16777216</backgroundColor>
<lineWidth>1</lineWidth>
<points>
<point x="460" y="105"/>
<point x="351" y="98"/>
</points>
</Connector>
<Connector class="oracle.dbtools.crest.swingui.relational.TVFKRelation" oid="8DF42332-C34F-6DFF-5AB1-D1CE5A206184" otype="FKIndexAssociation" vid_source="985B11A4-9030-CDCE-7C2B-5DA88E2823F1" vid_target="6260D0AF-A079-82DB-6513-622DD5F61136">
<hideElementsInCurrentOnly>false</hideElementsInCurrentOnly>
<backgroundColor>-16777216</backgroundColor>
<lineWidth>1</lineWidth>
<points>
<point x="1661" y="903"/>
<point x="1416" y="903"/>
</points>
</Connector>
<Connector class="oracle.dbtools.crest.swingui.relational.TVFKRelation" oid="8F4288DE-2E86-ADB8-603D-92063EF9B6F4" otype="FKIndexAssociation" vid_source="83523D7D-33E3-D5B8-AC91-FF42C37A01FC" vid_target="51549365-C5C0-6501-8804-DCF719BF3C02">
<hideElementsInCurrentOnly>false</hideElementsInCurrentOnly>
<backgroundColor>-16777216</backgroundColor>
<lineWidth>1</lineWidth>
<points>
<point x="1505" y="562"/>
<point x="1505" y="520"/>
</points>
</Connector>
<Connector class="oracle.dbtools.crest.swingui.relational.TVFKRelation" oid="9038002E-E86A-7568-E627-99E8276C9898" otype="FKIndexAssociation" vid_source="7677336C-19AB-F595-7B3F-7E75672868B0" vid_target="185D3366-1A8F-7FE6-F994-777A8B161403">
<hideElementsInCurrentOnly>false</hideElementsInCurrentOnly>
<backgroundColor>-16777216</backgroundColor>
<lineWidth>1</lineWidth>
<points>
<point x="1099" y="72"/>
<point x="1099" y="110"/>
</points>
</Connector>
<Connector class="oracle.dbtools.crest.swingui.relational.TVFKRelation" oid="97F4CAC4-8F6B-8372-E282-92AF79B89113" otype="FKIndexAssociation" vid_source="9CAF355A-47DB-35E2-7B87-9C2B9937E408" vid_target="441AEC65-63F4-9479-09FB-E2FBD7F08F09">
<hideElementsInCurrentOnly>false</hideElementsInCurrentOnly>
<backgroundColor>-16777216</backgroundColor>
<lineWidth>1</lineWidth>
<points>
<point x="606" y="482"/>
<point x="500" y="482"/>
</points>
</Connector>
<Connector class="oracle.dbtools.crest.swingui.relational.TVFKRelation" oid="A2B1793B-6FB5-DCB1-A080-824C2B8481C1" otype="FKIndexAssociation" vid_source="185D3366-1A8F-7FE6-F994-777A8B161403" vid_target="065D0571-DC05-D331-E703-6973CD220B19">
<hideElementsInCurrentOnly>false</hideElementsInCurrentOnly>
<backgroundColor>-16777216</backgroundColor>
<lineWidth>1</lineWidth>
<points>
<point x="1185" y="198"/>
<point x="1343" y="198"/>
</points>
</Connector>
<Connector class="oracle.dbtools.crest.swingui.relational.TVFKRelation" oid="A949069A-2887-DA2E-AD16-11F44EEA7053" otype="FKIndexAssociation" vid_source="2C6D8F8F-BB23-9073-F779-30B137D06483" vid_target="F4536D77-78CC-375A-7977-576C3BC8B4CC">
<hideElementsInCurrentOnly>false</hideElementsInCurrentOnly>
<backgroundColor>-16777216</backgroundColor>
<lineWidth>1</lineWidth>
<points>
<point x="509" y="937"/>
<point x="413" y="937"/>
</points>
</Connector>
<Connector class="oracle.dbtools.crest.swingui.relational.TVFKRelation" oid="B1FC9FF3-11FC-7383-271E-E1DCF724467F" otype="FKIndexAssociation" vid_source="0566B03E-3D12-8509-EC6A-8DE92AE64CF0" vid_target="51549365-C5C0-6501-8804-DCF719BF3C02">
<hideElementsInCurrentOnly>false</hideElementsInCurrentOnly>
<backgroundColor>-16777216</backgroundColor>
<lineWidth>1</lineWidth>
<points>
<point x="1639" y="566"/>
<point x="1639" y="520"/>
</points>
</Connector>
<Connector class="oracle.dbtools.crest.swingui.relational.TVFKRelation" oid="B29BBD4D-907C-6422-075F-3B6893C566B2" otype="FKIndexAssociation" vid_source="24D283BE-0C63-35BF-4C58-19C34F34DC8A" vid_target="04F4307F-80EE-14C3-4852-19CC5191B19C">
<hideElementsInCurrentOnly>false</hideElementsInCurrentOnly>
<backgroundColor>-16777216</backgroundColor>
<lineWidth>1</lineWidth>
<points>
<point x="1830" y="780"/>
<point x="1718" y="780"/>
</points>
</Connector>
<Connector class="oracle.dbtools.crest.swingui.relational.TVFKRelation" oid="B85532F6-FC31-3F52-62AD-F0A5FE6B26EC" otype="FKIndexAssociation" vid_source="2B33FF78-D286-AE42-35F5-3403E5B3F249" vid_target="7E2EAA77-6D5F-A56F-E12F-47301F5FF169">
<hideElementsInCurrentOnly>false</hideElementsInCurrentOnly>
<backgroundColor>-16777216</backgroundColor>
<lineWidth>1</lineWidth>
<points>
<point x="660" y="708"/>
<point x="808" y="785"/>
</points>
</Connector>
<Connector class="oracle.dbtools.crest.swingui.relational.TVFKRelation" oid="BA51EB64-96F8-BF2D-9165-D9D347CD2D1E" otype="FKIndexAssociation" vid_source="602BAD96-2405-2664-0E5E-32B099211B9B" vid_target="6260D0AF-A079-82DB-6513-622DD5F61136">
<hideElementsInCurrentOnly>false</hideElementsInCurrentOnly>
<backgroundColor>-16777216</backgroundColor>
<lineWidth>1</lineWidth>
<points>
<point x="1277" y="630"/>
<point x="1277" y="726"/>
</points>
</Connector>
<Connector class="oracle.dbtools.crest.swingui.relational.TVFKRelation" oid="BA9A6515-EB48-1A14-95D5-3057B24711F9" otype="FKIndexAssociation" vid_source="9EF41AF6-D650-A03A-91D8-E56AE127D74E" vid_target="2F83CB85-401F-FC77-935B-65AE186002CC">
<hideElementsInCurrentOnly>false</hideElementsInCurrentOnly>
<backgroundColor>-16777216</backgroundColor>
<lineWidth>1</lineWidth>
<points>
<point x="592" y="347"/>
<point x="592" y="290"/>
</points>
</Connector>
<Connector class="oracle.dbtools.crest.swingui.relational.TVFKRelation" oid="C46D23B9-A337-7D0E-D716-0A0B1BE18D25" otype="FKIndexAssociation" vid_source="6260D0AF-A079-82DB-6513-622DD5F61136" vid_target="04F4307F-80EE-14C3-4852-19CC5191B19C">
<hideElementsInCurrentOnly>false</hideElementsInCurrentOnly>
<backgroundColor>-16777216</backgroundColor>
<lineWidth>1</lineWidth>
<points>
<point x="1416" y="770"/>
<point x="1532" y="770"/>
</points>
</Connector>
<Connector class="oracle.dbtools.crest.swingui.relational.TVFKRelation" oid="C9E1A647-AF91-F227-15A0-B90A0DBC2455" otype="FKIndexAssociation" vid_source="04F4307F-80EE-14C3-4852-19CC5191B19C" vid_target="6260D0AF-A079-82DB-6513-622DD5F61136">
<hideElementsInCurrentOnly>false</hideElementsInCurrentOnly>
<backgroundColor>-16777216</backgroundColor>
<lineWidth>1</lineWidth>
<points>
<point x="1532" y="770"/>
<point x="1416" y="770"/>
</points>
</Connector>
<Connector class="oracle.dbtools.crest.swingui.relational.TVFKRelation" oid="F32698B3-9C10-8353-B93D-F948B9EED437" otype="FKIndexAssociation" vid_source="602BAD96-2405-2664-0E5E-32B099211B9B" vid_target="185D3366-1A8F-7FE6-F994-777A8B161403">
<hideElementsInCurrentOnly>false</hideElementsInCurrentOnly>
<backgroundColor>-16777216</backgroundColor>
<lineWidth>1</lineWidth>
<points>
<point x="1177" y="522"/>
<point x="1177" y="234"/>
</points>
</Connector>
<Connector class="oracle.dbtools.crest.swingui.relational.TVFKRelation" oid="F3B28783-E820-2B6B-0615-CFE7FBF17E11" otype="FKIndexAssociation" vid_source="185D3366-1A8F-7FE6-F994-777A8B161403" vid_target="E9E8DEEA-89A5-061D-8C59-D5F702ECE216">
<hideElementsInCurrentOnly>false</hideElementsInCurrentOnly>
<backgroundColor>-16777216</backgroundColor>
<lineWidth>1</lineWidth>
<points>
<point x="946" y="123"/>
<point x="871" y="123"/>
</points>
</Connector>
<Connector class="oracle.dbtools.crest.swingui.relational.TVFKRelation" oid="FE2E28F9-9F4C-273C-87FE-6FDCD183CD5C" otype="FKIndexAssociation" vid_source="C75F4E6B-980C-777A-6F3A-ADCE146728B4" vid_target="2F83CB85-401F-FC77-935B-65AE186002CC">
<hideElementsInCurrentOnly>false</hideElementsInCurrentOnly>
<backgroundColor>-16777216</backgroundColor>
<lineWidth>1</lineWidth>
<points>
<point x="906" y="391"/>
<point x="648" y="272"/>
</points>
</Connector>
</connectors>
<arcs>
<Arc class="oracle.dbtools.crest.swingui.relational.TVFKArc" oid="3C3BCD49-7B3A-B1ED-3B06-9588C492BBCA" otype="FKArc" vid="773647FE-7D03-3F12-076D-457D2C7A635D">
<hideElementsInCurrentOnly>false</hideElementsInCurrentOnly>
<bounds x="18" y="44" width="417" height="310"/>
</Arc>
</arcs>
</Diagram>