<?xml version = '1.0' encoding = 'UTF-8'?>
<Entity class="oracle.dbtools.crest.model.design.logical.Entity" directorySegmentName="seg_0" id="E03526B6-0E5E-49FF-BFC9-3D0733A047B1" name="Karta_pobytu">
<createdBy>Kuba</createdBy>
<createdTime>2025-12-07 19:00:26 UTC</createdTime>
<ownerDesignName>konceptponormalizacji</ownerDesignName>
<engineerTo>
<item key="D0F540F1-9674-2547-A352-47BE0605ACC9" value="true"/>
</engineerTo>
<adequatelyNormalized>NO</adequatelyNormalized>
<expectedVolumes>0</expectedVolumes>
<fwdEngineeringStrategyName>Single Table</fwdEngineeringStrategyName>
<growthPercent>0</growthPercent>
<growthType>Year</growthType>
<maxVolumes>9999999</maxVolumes>
<minVolumes>0</minVolumes>
<normalForm>Third</normalForm>
<attributes itemClass="oracle.dbtools.crest.model.design.logical.Attribute">
<Attribute name="ID_karty" id="F177B98C-11D5-C4DF-F2CE-518DF1C03607">
<createdBy>Kuba</createdBy>
<createdTime>2025-12-07 19:00:32 UTC</createdTime>
<ownerDesignName>konceptponormalizacji</ownerDesignName>
<engineerTo>
<item key="D0F540F1-9674-2547-A352-47BE0605ACC9" value="true"/>
</engineerTo>
<useDomainConstraints>false</useDomainConstraints>
<use>1</use>
<logicalDatatype>LOGDT011</logicalDatatype>
<ownDataTypeParameters>,,</ownDataTypeParameters>
</Attribute>
<Attribute name="ID_przydzielenia" id="77892702-7D73-E70B-AAA4-3979C9DD75E2">
<createdBy>Kuba</createdBy>
<createdTime>2025-12-07 19:05:13 UTC</createdTime>
<generatorID>90B61B5F-3A9D-EF60-87D3-B20B866053AD</generatorID>
<ownerDesignName>konceptponormalizacji</ownerDesignName>
<engineerTo>
<item key="D0F540F1-9674-2547-A352-47BE0605ACC9" value="true"/>
</engineerTo>
<nullsAllowed>true</nullsAllowed>
<referedAttribute>4D481DB6-F9C2-5E29-288C-F071C263F787</referedAttribute>
<useDomainConstraints>false</useDomainConstraints>
<use>1</use>
<logicalDatatype>LOGDT011</logicalDatatype>
<ownDataTypeParameters>,,</ownDataTypeParameters>
</Attribute>
<Attribute name="Saldo" id="E91D5E8C-3D61-7D6D-5A8F-77E8343A409C">
<createdBy>Kuba</createdBy>
<createdTime>2025-12-07 19:46:46 UTC</createdTime>
<ownerDesignName>konceptponormalizacji</ownerDesignName>
<engineerTo>
<item key="D0F540F1-9674-2547-A352-47BE0605ACC9" value="true"/>
</engineerTo>
<nullsAllowed>true</nullsAllowed>
<useDomainConstraints>false</useDomainConstraints>
<use>1</use>
<logicalDatatype>LOGDT019</logicalDatatype>
<dataTypePrecision>10</dataTypePrecision>
<dataTypeScale>2</dataTypeScale>
<ownDataTypeParameters>,10,2</ownDataTypeParameters>
</Attribute>
<Attribute name="Limit_kredytowy" id="42DAE79F-10E9-0F19-BA57-6BD795E7B980">
<createdBy>Kuba</createdBy>
<createdTime>2025-12-07 19:47:17 UTC</createdTime>
<ownerDesignName>konceptponormalizacji</ownerDesignName>
<engineerTo>
<item key="D0F540F1-9674-2547-A352-47BE0605ACC9" value="true"/>
</engineerTo>
<nullsAllowed>true</nullsAllowed>
<useDomainConstraints>false</useDomainConstraints>
<use>1</use>
<logicalDatatype>LOGDT026</logicalDatatype>
<dataTypePrecision>10</dataTypePrecision>
<dataTypeScale>2</dataTypeScale>
<ownDataTypeParameters>,10,2</ownDataTypeParameters>
</Attribute>
<Attribute name="Czy_aktywna" id="8F554103-BDEB-E279-469B-47A02ACF2528">
<createdBy>Kuba</createdBy>
<createdTime>2025-12-07 19:48:14 UTC</createdTime>
<ownerDesignName>konceptponormalizacji</ownerDesignName>
<engineerTo>
<item key="D0F540F1-9674-2547-A352-47BE0605ACC9" value="true"/>
</engineerTo>
<nullsAllowed>true</nullsAllowed>
<useDomainConstraints>false</useDomainConstraints>
<use>1</use>
<logicalDatatype>LOGDT024</logicalDatatype>
<dataTypeSize>16 CHAR</dataTypeSize>
<ownDataTypeParameters>16 CHAR,,</ownDataTypeParameters>
</Attribute>
</attributes>
<identifiers itemClass="oracle.dbtools.crest.model.design.logical.CandidateKey">
<identifier id="F26B6FAD-3679-606D-DD2F-7CD95B348A5B" name="Karta_pobytu PK">
<createdBy>Kuba</createdBy>
<createdTime>2025-12-07 19:00:40 UTC</createdTime>
<ownerDesignName>konceptponormalizacji</ownerDesignName>
<engineerTo>
<item key="D0F540F1-9674-2547-A352-47BE0605ACC9" value="true"/>
</engineerTo>
<pk>true</pk>
<usedAttributes>
<attributeRef>F177B98C-11D5-C4DF-F2CE-518DF1C03607</attributeRef>
</usedAttributes>
</identifier>
</identifiers>
</Entity>
