<?xml version = '1.0' encoding = 'UTF-8'?>
<Entity class="oracle.dbtools.crest.model.design.logical.Entity" directorySegmentName="seg_0" id="F9F623D8-1DC8-D4A1-BBB1-C65A30DA9C82" name="Grafik_pracy">
<createdBy>Kuba</createdBy>
<createdTime>2025-12-07 18:36:10 UTC</createdTime>
<ownerDesignName>konceptponormalizacji</ownerDesignName>
<engineerTo>
<item key="D0F540F1-9674-2547-A352-47BE0605ACC9" value="true"/>
</engineerTo>
<adequatelyNormalized>NO</adequatelyNormalized>
<expectedVolumes>0</expectedVolumes>
<fwdEngineeringStrategyName>Single Table</fwdEngineeringStrategyName>
<growthPercent>0</growthPercent>
<growthType>Year</growthType>
<maxVolumes>9999999</maxVolumes>
<minVolumes>0</minVolumes>
<normalForm>Third</normalForm>
<attributes itemClass="oracle.dbtools.crest.model.design.logical.Attribute">
<Attribute name="ID_zmiany" id="1A603C4D-3E4C-A932-8FA9-0794FA8678B5">
<createdBy>Kuba</createdBy>
<createdTime>2025-12-07 18:36:16 UTC</createdTime>
<ownerDesignName>konceptponormalizacji</ownerDesignName>
<engineerTo>
<item key="D0F540F1-9674-2547-A352-47BE0605ACC9" value="true"/>
</engineerTo>
<useDomainConstraints>false</useDomainConstraints>
<use>1</use>
<logicalDatatype>LOGDT011</logicalDatatype>
<ownDataTypeParameters>,,</ownDataTypeParameters>
</Attribute>
<Attribute name="Data" id="F6399347-FBF3-9D94-6A04-06EA24724498">
<createdBy>Kuba</createdBy>
<createdTime>2025-12-07 18:36:40 UTC</createdTime>
<ownerDesignName>konceptponormalizacji</ownerDesignName>
<engineerTo>
<item key="D0F540F1-9674-2547-A352-47BE0605ACC9" value="true"/>
</engineerTo>
<nullsAllowed>true</nullsAllowed>
<useDomainConstraints>false</useDomainConstraints>
<use>1</use>
<logicalDatatype>LOGDT007</logicalDatatype>
<ownDataTypeParameters>,,</ownDataTypeParameters>
</Attribute>
<Attribute name="Godzina_rozpoczecia" id="ED004D52-03E6-F5C8-949A-B845B210754B">
<createdBy>Kuba</createdBy>
<createdTime>2025-12-07 18:36:54 UTC</createdTime>
<ownerDesignName>konceptponormalizacji</ownerDesignName>
<engineerTo>
<item key="D0F540F1-9674-2547-A352-47BE0605ACC9" value="true"/>
</engineerTo>
<nullsAllowed>true</nullsAllowed>
<useDomainConstraints>false</useDomainConstraints>
<use>1</use>
<logicalDatatype>LOGDT014</logicalDatatype>
<ownDataTypeParameters>,,</ownDataTypeParameters>
</Attribute>
<Attribute name="Godzina_zakonczenia" id="993CC7D4-E368-9125-4F57-65ED43F45D5A">
<createdBy>Kuba</createdBy>
<createdTime>2025-12-07 18:37:15 UTC</createdTime>
<ownerDesignName>konceptponormalizacji</ownerDesignName>
<engineerTo>
<item key="D0F540F1-9674-2547-A352-47BE0605ACC9" value="true"/>
</engineerTo>
<nullsAllowed>true</nullsAllowed>
<useDomainConstraints>false</useDomainConstraints>
<use>1</use>
<logicalDatatype>LOGDT014</logicalDatatype>
<ownDataTypeParameters>,,</ownDataTypeParameters>
</Attribute>
<Attribute name="Typ_zmiany" id="DA68A3C5-08FB-1580-B4FA-AFBCAF03F9AA">
<createdBy>Kuba</createdBy>
<createdTime>2025-12-07 18:37:33 UTC</createdTime>
<commentInRDBMS><![CDATA[Np. nocna, dzienna]]></commentInRDBMS>
<ownerDesignName>konceptponormalizacji</ownerDesignName>
<engineerTo>
<item key="D0F540F1-9674-2547-A352-47BE0605ACC9" value="true"/>
</engineerTo>
<nullsAllowed>true</nullsAllowed>
<useDomainConstraints>false</useDomainConstraints>
<use>1</use>
<logicalDatatype>LOGDT024</logicalDatatype>
<dataTypeSize>64 CHAR</dataTypeSize>
<ownDataTypeParameters>64 CHAR,,</ownDataTypeParameters>
</Attribute>
<Attribute name="ID_Pracownika" id="3AF61119-A8B0-B1B9-0399-AAB2CFC8E044">
<createdBy>Kuba</createdBy>
<createdTime>2025-12-07 19:15:15 UTC</createdTime>
<generatorID>307BDD75-006C-A315-E4B8-B32CC641AE2D</generatorID>
<ownerDesignName>konceptponormalizacji</ownerDesignName>
<engineerTo>
<item key="D0F540F1-9674-2547-A352-47BE0605ACC9" value="true"/>
</engineerTo>
<nullsAllowed>true</nullsAllowed>
<referedAttribute>D20809D2-1D70-68F7-B667-98F92CEC7453</referedAttribute>
<useDomainConstraints>false</useDomainConstraints>
<use>1</use>
<logicalDatatype>LOGDT011</logicalDatatype>
<ownDataTypeParameters>,,</ownDataTypeParameters>
</Attribute>
</attributes>
<identifiers itemClass="oracle.dbtools.crest.model.design.logical.CandidateKey">
<identifier id="28E59B36-2B81-0975-7921-412FBCDCFDFE" name="Grafik_pracy PK">
<createdBy>Kuba</createdBy>
<createdTime>2025-12-07 18:36:39 UTC</createdTime>
<ownerDesignName>konceptponormalizacji</ownerDesignName>
<engineerTo>
<item key="D0F540F1-9674-2547-A352-47BE0605ACC9" value="true"/>
</engineerTo>
<pk>true</pk>
<usedAttributes>
<attributeRef>1A603C4D-3E4C-A932-8FA9-0794FA8678B5</attributeRef>
</usedAttributes>
</identifier>
</identifiers>
</Entity>
