<?xml version = '1.0' encoding = 'UTF-8'?>
<relationalModel class="oracle.dbtools.crest.model.design.relational.RelationalDesign" name="Relational_1" id="D0F540F1-9674-2547-A352-47BE0605ACC9" mainViewID="1BD117ED-2EB1-3380-20D8-F856AAC0DC18">
<createdBy>qb</createdBy>
<createdTime>2025-12-02 13:11:23 UTC</createdTime>
<ownerDesignName>koncept</ownerDesignName>
<shouldBeOpen>true</shouldBeOpen>
<selectedRDBMSSite>32076570-2523-435C-2E92-BF29817DFF70</selectedRDBMSSite>
</relationalModel>
