<?xml version = '1.0' encoding = 'UTF-8'?>
<Relation class="oracle.dbtools.crest.model.design.logical.Relation" name="Relation_61" directorySegmentName="seg_0" id="10FC8C74-61B4-0C5E-9A9E-2F9C5AEE4C5D">
<createdBy>swide</createdBy>
<createdTime>2026-01-04 14:00:17 UTC</createdTime>
<ownerDesignName>konceptponormalizacji</ownerDesignName>
<engineerTo>
<item key="D0F540F1-9674-2547-A352-47BE0605ACC9" value="true"/>
</engineerTo>
<sourcePk>FE6352A5-CAF1-527F-59C4-61FAE098D1C1</sourcePk>
<identifying>false</identifying>
<optionalSource>true</optionalSource>
<optionalTarget>false</optionalTarget>
<sourceCardinality>1</sourceCardinality>
<sourceEntity>33FE50BE-2610-9D98-54BE-7ED88D434C78</sourceEntity>
<targetCardinalityString>*</targetCardinalityString>
<targetEntity>354C05AB-0988-82F5-AEDB-4F5B807F4ACD</targetEntity>
<transferable>true</transferable>
<deleteRule>NO ACTION</deleteRule>
</Relation>