<?xml version = '1.0' encoding = 'UTF-8'?>
<Relation class="oracle.dbtools.crest.model.design.logical.Relation" name="Relation_64" directorySegmentName="seg_0" id="5D4D7F2E-C47D-DDBC-5160-22D45020381E">
<createdBy>swide</createdBy>
<createdTime>2026-01-04 14:00:52 UTC</createdTime>
<ownerDesignName>konceptponormalizacji</ownerDesignName>
<engineerTo>
<item key="D0F540F1-9674-2547-A352-47BE0605ACC9" value="true"/>
</engineerTo>
<sourcePk>8466FC16-B43C-1749-7C20-3F0656432907</sourcePk>
<identifying>false</identifying>
<optionalSource>true</optionalSource>
<optionalTarget>false</optionalTarget>
<sourceCardinality>1</sourceCardinality>
<sourceEntity>550C0563-6DB6-3E89-AB05-391C43565F9B</sourceEntity>
<targetCardinalityString>*</targetCardinalityString>
<targetEntity>589CBE1B-8880-A026-505C-C5021D145452</targetEntity>
<transferable>true</transferable>
<deleteRule>NO ACTION</deleteRule>
</Relation>