<?xml version = '1.0' encoding = 'UTF-8'?>
<Relation class="oracle.dbtools.crest.model.design.logical.Relation" name="Relation_65" directorySegmentName="seg_0" id="703FF5CB-42E4-54CF-676C-61B8D3B29020">
<createdBy>swide</createdBy>
<createdTime>2026-01-04 14:01:07 UTC</createdTime>
<ownerDesignName>konceptponormalizacji</ownerDesignName>
<engineerTo>
<item key="D0F540F1-9674-2547-A352-47BE0605ACC9" value="true"/>
</engineerTo>
<sourcePk>0206A0F7-08F1-7AF0-93E2-789A5B298391</sourcePk>
<identifying>false</identifying>
<optionalSource>true</optionalSource>
<optionalTarget>false</optionalTarget>
<sourceCardinality>1</sourceCardinality>
<sourceEntity>3BAFCB8B-E2A9-58AC-2225-D9900302553C</sourceEntity>
<targetCardinalityString>*</targetCardinalityString>
<targetEntity>F9F623D8-1DC8-D4A1-BBB1-C65A30DA9C82</targetEntity>
<transferable>true</transferable>
<deleteRule>NO ACTION</deleteRule>
</Relation>