<?xml version = '1.0' encoding = 'UTF-8'?>
<Relation class="oracle.dbtools.crest.model.design.logical.Relation" name="Relation_62" directorySegmentName="seg_0" id="CA21C36E-E9DC-438F-B521-5BD4853C5044">
<createdBy>swide</createdBy>
<createdTime>2026-01-04 14:00:27 UTC</createdTime>
<ownerDesignName>konceptponormalizacji</ownerDesignName>
<engineerTo>
<item key="D0F540F1-9674-2547-A352-47BE0605ACC9" value="true"/>
</engineerTo>
<sourcePk>49B00400-EA62-EFF0-E510-01134C2F4087</sourcePk>
<identifying>false</identifying>
<optionalSource>true</optionalSource>
<optionalTarget>false</optionalTarget>
<sourceCardinality>1</sourceCardinality>
<sourceEntity>09DB73FA-726F-DCFF-7B39-14692110BE23</sourceEntity>
<targetCardinalityString>*</targetCardinalityString>
<targetEntity>354C05AB-0988-82F5-AEDB-4F5B807F4ACD</targetEntity>
<transferable>true</transferable>
<deleteRule>NO ACTION</deleteRule>
</Relation>