<?xml version = '1.0' encoding = 'UTF-8'?>
<Relation class="oracle.dbtools.crest.model.design.logical.Relation" name="Relation_67" directorySegmentName="seg_0" id="E6344531-C001-85B5-97D2-E92F73F0D56B">
<createdBy>swide</createdBy>
<createdTime>2026-01-04 14:01:37 UTC</createdTime>
<ownerDesignName>konceptponormalizacji</ownerDesignName>
<engineerTo>
<item key="D0F540F1-9674-2547-A352-47BE0605ACC9" value="true"/>
</engineerTo>
<sourcePk>9259806E-8EA8-D3CF-96AD-4B8046A44EB6</sourcePk>
<identifying>false</identifying>
<optionalSource>true</optionalSource>
<optionalTarget>false</optionalTarget>
<sourceCardinality>1</sourceCardinality>
<sourceEntity>0721C0D0-27FA-3CCB-BF8D-2F480F62492A</sourceEntity>
<targetCardinalityString>*</targetCardinalityString>
<targetEntity>826694FD-5AB3-FE26-860A-5340FF53EC17</targetEntity>
<transferable>true</transferable>
<deleteRule>NO ACTION</deleteRule>
</Relation>