<?xml version = '1.0' encoding = 'UTF-8'?>
<Relation class="oracle.dbtools.crest.model.design.logical.Relation" name="Relation_63" directorySegmentName="seg_0" id="EB50E11A-C044-1AD8-421E-2439A2129E06">
<createdBy>swide</createdBy>
<createdTime>2026-01-04 14:00:47 UTC</createdTime>
<ownerDesignName>konceptponormalizacji</ownerDesignName>
<engineerTo>
<item key="D0F540F1-9674-2547-A352-47BE0605ACC9" value="true"/>
</engineerTo>
<sourcePk>21C4B2E9-07CC-3545-52AC-BB6282DB0DF2</sourcePk>
<identifying>false</identifying>
<optionalSource>true</optionalSource>
<optionalTarget>false</optionalTarget>
<sourceCardinality>1</sourceCardinality>
<sourceEntity>62529DCD-EC4F-4DB9-E663-80EDE663043F</sourceEntity>
<targetCardinalityString>*</targetCardinalityString>
<targetEntity>589CBE1B-8880-A026-505C-C5021D145452</targetEntity>
<transferable>true</transferable>
<deleteRule>NO ACTION</deleteRule>
</Relation>