<?xml version = '1.0' encoding = 'UTF-8'?>
<Relation class="oracle.dbtools.crest.model.design.logical.Relation" name="Relation_19" directorySegmentName="seg_0" id="F39B4FB9-3ED0-ADFA-F6F4-9BC72BED8137">
<createdBy>Kuba</createdBy>
<createdTime>2025-12-07 19:16:40 UTC</createdTime>
<ownerDesignName>konceptponormalizacji</ownerDesignName>
<engineerTo>
<item key="D0F540F1-9674-2547-A352-47BE0605ACC9" value="true"/>
</engineerTo>
<sourcePk>25EB1E06-03B7-BE14-70C3-97A364A89E91</sourcePk>
<identifying>false</identifying>
<optionalSource>true</optionalSource>
<optionalTarget>false</optionalTarget>
<sourceCardinality>1</sourceCardinality>
<sourceEntity>5395472D-5E3A-C350-DC75-0FAFF2D5C596</sourceEntity>
<targetCardinalityString>*</targetCardinalityString>
<targetEntity>354C05AB-0988-82F5-AEDB-4F5B807F4ACD</targetEntity>
<transferable>true</transferable>
<deleteRule>NO ACTION</deleteRule>
</Relation>